date,day_of_week,category,product_id,gender,size,color,price,discount,stock_available,holiday_flag,event_flag,temperature,rainfall,location,demand
2024-01-01,Monday,Dress,P1066,Women,S,Blue,920,50,72,0,0,33.6,1.75,Bangalore,100
2024-01-02,Tuesday,T-shirt,P1009,Women,M,Green,1034,40,461,0,0,31.1,4.69,Chennai,95
2024-01-03,Wednesday,Shirt,P1053,Women,L,Green,632,10,247,0,0,34.8,0.59,Chennai,103
2024-01-04,Thursday,Dress,P1021,Unisex,S,Blue,1201,30,325,0,0,33.3,1.19,Kolkata,89
2024-01-05,Friday,T-shirt,P1063,Women,S,White,1007,40,117,0,0,29.1,0.35,Bangalore,117
2024-01-06,Saturday,Jacket,P1099,Women,L,White,1585,10,233,0,1,30.7,0.08,Delhi,101
2024-01-07,Sunday,Jeans,P1087,Women,S,Green,1583,40,477,1,0,33.8,0.07,Mumbai,103
2024-01-08,Monday,Shirt,P1084,Women,M,Green,1579,0,228,0,0,27.7,0.14,Mumbai,98
2024-01-09,Tuesday,Shirt,P1094,Men,XL,Green,1787,10,91,0,0,26.6,0.26,Bangalore,101
2024-01-10,Wednesday,T-shirt,P1013,Women,S,Blue,814,40,304,0,1,32.1,0.29,Mumbai,100
2024-01-11,Thursday,Jeans,P1006,Men,S,White,601,30,213,0,0,32.0,1.28,Kolkata,97
2024-01-12,Friday,Jacket,P1026,Women,M,Red,1182,40,112,0,0,22.4,0.04,Mumbai,89
2024-01-13,Saturday,Dress,P1037,Men,S,Green,337,10,157,0,0,24.0,1.99,Kolkata,99
2024-01-14,Sunday,Shirt,P1040,Men,L,Blue,1058,0,109,0,0,29.4,1.17,Delhi,94
2024-01-15,Monday,Dress,P1097,Men,M,Black,1601,0,371,0,0,25.2,0.3,Kolkata,106
2024-01-16,Tuesday,Jacket,P1093,Unisex,XL,Red,1627,50,95,1,0,25.7,0.41,Bangalore,73
2024-01-17,Wednesday,Dress,P1048,Unisex,L,Black,595,10,31,1,0,19.3,0.63,Chennai,93
2024-01-18,Thursday,Jeans,P1043,Women,XL,Black,569,10,317,0,0,29.0,1.55,Chennai,115
2024-01-19,Friday,Jeans,P1023,Men,XL,Black,1625,20,422,0,1,38.4,0.43,Mumbai,106
2024-01-20,Saturday,Jeans,P1076,Women,S,Black,470,50,3,0,0,42.5,1.47,Delhi,119
2024-01-21,Sunday,Jacket,P1045,Unisex,S,Black,778,30,447,0,1,32.0,1.92,Delhi,92
2024-01-22,Monday,Dress,P1001,Men,M,White,328,20,127,1,0,31.2,0.17,Kolkata,106
2024-01-23,Tuesday,T-shirt,P1030,Men,S,Blue,328,50,496,0,0,32.7,1.11,Mumbai,96
2024-01-24,Wednesday,Dress,P1053,Women,XL,White,710,0,488,0,1,32.3,0.32,Delhi,117
2024-01-25,Thursday,Shirt,P1040,Unisex,XL,White,321,20,336,1,0,26.6,1.8,Mumbai,101
2024-01-26,Friday,Shirt,P1088,Unisex,L,Red,1004,10,178,0,0,37.9,0.16,Delhi,92
2024-01-27,Saturday,Shirt,P1055,Men,S,Green,928,0,185,0,0,24.9,0.37,Chennai,119
2024-01-28,Sunday,Jeans,P1035,Men,M,Red,1791,10,318,0,0,24.7,0.1,Mumbai,100
2024-01-29,Monday,Jeans,P1053,Women,M,Red,1609,40,60,0,0,31.5,1.65,Mumbai,96
2024-01-30,Tuesday,T-shirt,P1021,Unisex,XL,Black,1412,10,238,0,0,37.2,0.04,Kolkata,105
2024-01-31,Wednesday,Shirt,P1083,Unisex,L,White,1789,50,437,0,1,34.3,1.26,Chennai,109
2024-02-01,Thursday,Jeans,P1091,Unisex,XL,Green,997,10,269,0,0,36.9,0.6,Chennai,98
2024-02-02,Friday,Dress,P1026,Unisex,S,Green,1607,20,97,0,0,33.3,1.98,Chennai,97
2024-02-03,Saturday,Dress,P1025,Unisex,L,Red,1432,40,275,0,0,26.7,0.02,Chennai,111
2024-02-04,Sunday,Shirt,P1051,Men,M,Green,1689,0,129,0,0,34.2,0.14,Chennai,99
2024-02-05,Monday,Jacket,P1083,Men,XL,White,1357,50,58,0,0,32.6,0.18,Delhi,104
2024-02-06,Tuesday,Jeans,P1008,Women,XL,Green,1794,10,76,0,0,23.7,0.35,Chennai,85
2024-02-07,Wednesday,Shirt,P1040,Unisex,S,Red,1093,30,391,0,0,40.7,1.42,Mumbai,102
2024-02-08,Thursday,Jeans,P1034,Women,S,Red,359,50,102,0,0,30.6,0.2,Bangalore,95
2024-02-09,Friday,Shirt,P1093,Unisex,S,Green,892,0,81,0,1,34.6,0.01,Delhi,101
2024-02-10,Saturday,T-shirt,P1076,Men,XL,Black,1295,40,157,1,0,18.2,0.11,Chennai,90
2024-02-11,Sunday,Shirt,P1007,Unisex,S,Green,585,40,390,0,0,35.8,1.66,Delhi,107
2024-02-12,Monday,Jeans,P1003,Unisex,L,Blue,640,10,123,0,0,35.7,0.12,Kolkata,92
2024-02-13,Tuesday,T-shirt,P1047,Men,M,Blue,489,30,66,0,0,31.2,0.32,Mumbai,99
2024-02-14,Wednesday,Dress,P1076,Men,S,Green,561,40,323,0,0,22.8,1.3,Bangalore,98
2024-02-15,Thursday,T-shirt,P1032,Women,XL,Blue,1230,10,207,0,1,30.7,0.03,Kolkata,116
2024-02-16,Friday,Jacket,P1042,Women,S,Blue,626,0,146,0,0,35.8,0.91,Mumbai,87
2024-02-17,Saturday,T-shirt,P1075,Women,M,Black,1688,40,295,0,0,25.7,0.61,Kolkata,89
2024-02-18,Sunday,Shirt,P1021,Women,L,Red,1199,10,21,0,0,30.1,3.71,Kolkata,101
2024-02-19,Monday,Jacket,P1033,Unisex,XL,White,1767,20,387,0,0,31.8,1.48,Kolkata,79
2024-02-20,Tuesday,Shirt,P1032,Men,L,Green,1033,10,433,1,0,36.3,0.08,Bangalore,84
2024-02-21,Wednesday,Dress,P1035,Men,L,Blue,574,20,138,0,0,33.3,0.58,Mumbai,108
2024-02-22,Thursday,Jeans,P1031,Unisex,S,Red,1177,20,487,0,0,33.4,1.18,Kolkata,91
2024-02-23,Friday,Jacket,P1091,Women,M,Red,1383,20,178,0,0,33.6,0.42,Kolkata,100
2024-02-24,Saturday,Shirt,P1007,Men,M,White,1580,40,331,0,0,31.0,1.03,Delhi,117
2024-02-25,Sunday,Jacket,P1032,Men,S,Red,1179,50,90,0,0,31.6,0.51,Delhi,93
2024-02-26,Monday,Jacket,P1088,Men,L,White,1252,30,241,0,0,24.6,0.34,Chennai,91
2024-02-27,Tuesday,Dress,P1091,Unisex,L,White,1269,10,335,0,0,39.7,0.22,Kolkata,96
2024-02-28,Wednesday,Shirt,P1046,Unisex,M,Green,1009,20,284,0,0,28.8,0.11,Delhi,94
2024-02-29,Thursday,Jacket,P1056,Women,S,Blue,549,50,373,0,0,24.7,0.57,Bangalore,101
2024-03-01,Friday,Shirt,P1084,Women,L,White,1321,0,204,0,0,29.1,0.12,Bangalore,99
2024-03-02,Saturday,Dress,P1019,Unisex,L,Red,1806,30,350,0,1,34.7,1.91,Mumbai,107
2024-03-03,Sunday,Dress,P1029,Men,M,Red,1875,20,385,0,0,31.4,0.96,Bangalore,120
2024-03-04,Monday,T-shirt,P1013,Women,XL,Green,1191,40,230,0,0,32.3,1.38,Bangalore,108
2024-03-05,Tuesday,Jeans,P1016,Unisex,L,Red,1646,40,86,0,0,33.9,0.2,Chennai,104
2024-03-06,Wednesday,Jeans,P1056,Unisex,XL,White,996,20,16,0,0,31.2,1.8,Mumbai,104
2024-03-07,Thursday,Jacket,P1051,Women,XL,Blue,1216,30,15,0,0,32.4,1.63,Mumbai,92
2024-03-08,Friday,Jeans,P1023,Unisex,S,Black,465,0,496,0,0,34.3,0.06,Chennai,116
2024-03-09,Saturday,Dress,P1057,Women,S,White,1268,20,402,0,0,23.4,2.49,Chennai,106
2024-03-10,Sunday,Jacket,P1097,Men,L,White,831,10,405,0,0,27.8,1.62,Mumbai,97
2024-03-11,Monday,T-shirt,P1010,Unisex,L,Blue,1267,30,488,0,0,32.5,1.36,Kolkata,91
2024-03-12,Tuesday,Dress,P1066,Men,L,Green,842,30,380,0,1,34.0,1.16,Bangalore,93
2024-03-13,Wednesday,Shirt,P1076,Women,S,Green,998,0,43,0,0,30.2,1.75,Delhi,103
2024-03-14,Thursday,Jacket,P1065,Men,XL,Blue,1387,40,349,0,0,34.2,0.77,Chennai,121
2024-03-15,Friday,Jacket,P1061,Men,L,Red,1078,50,127,0,0,32.8,0.25,Mumbai,101
2024-03-16,Saturday,Dress,P1020,Unisex,L,Black,829,20,10,0,0,24.2,0.17,Kolkata,83
2024-03-17,Sunday,Jeans,P1027,Unisex,XL,Red,463,30,320,0,0,29.6,1.34,Mumbai,120
2024-03-18,Monday,Shirt,P1007,Unisex,S,Blue,1300,50,233,0,0,28.3,0.39,Kolkata,97
2024-03-19,Tuesday,Shirt,P1073,Unisex,S,Blue,532,50,9,0,0,22.1,1.04,Kolkata,86
2024-03-20,Wednesday,Jacket,P1091,Men,XL,Green,725,0,139,0,0,38.3,2.5,Delhi,97
2024-03-21,Thursday,Jeans,P1030,Unisex,L,Green,1548,50,200,0,0,32.2,0.52,Kolkata,94
2024-03-22,Friday,Jacket,P1080,Unisex,XL,White,741,30,282,0,0,39.3,0.22,Delhi,97
2024-03-23,Saturday,Jeans,P1030,Women,L,Blue,1098,10,152,0,0,38.7,0.05,Bangalore,96
2024-03-24,Sunday,T-shirt,P1026,Unisex,L,Green,1544,30,102,0,0,26.6,0.36,Chennai,95
2024-03-25,Monday,Shirt,P1024,Women,S,Black,1733,30,117,0,0,21.6,0.04,Kolkata,94
2024-03-26,Tuesday,Jacket,P1076,Women,XL,White,758,30,312,0,0,30.0,0.34,Bangalore,120
2024-03-27,Wednesday,T-shirt,P1080,Men,XL,Red,1010,0,358,0,0,29.2,0.42,Bangalore,80
2024-03-28,Thursday,T-shirt,P1048,Unisex,M,Red,1201,0,293,0,0,32.0,0.75,Chennai,85
2024-03-29,Friday,Shirt,P1099,Women,L,Green,1208,50,424,0,0,25.5,0.74,Chennai,98
2024-03-30,Saturday,Jacket,P1022,Men,XL,Green,412,10,329,0,1,36.2,0.06,Kolkata,109
2024-03-31,Sunday,Shirt,P1071,Unisex,L,White,1775,40,350,1,0,40.3,2.92,Chennai,101
2024-04-01,Monday,Jeans,P1057,Women,L,White,1541,20,231,0,0,22.7,1.6,Chennai,98
2024-04-02,Tuesday,Dress,P1000,Unisex,L,Red,329,20,124,1,0,29.9,0.38,Bangalore,104
2024-04-03,Wednesday,Jacket,P1052,Men,S,Blue,325,30,425,0,0,30.0,1.53,Kolkata,98
2024-04-04,Thursday,Shirt,P1025,Men,M,Black,712,20,255,0,0,29.8,0.02,Chennai,97
2024-04-05,Friday,Shirt,P1032,Women,L,White,886,30,477,0,0,33.6,2.97,Kolkata,100
2024-04-06,Saturday,Jeans,P1067,Women,S,Green,1160,50,370,0,0,30.5,0.34,Bangalore,112
2024-04-07,Sunday,Shirt,P1075,Unisex,XL,Green,551,40,273,0,0,36.1,1.31,Delhi,82
2024-04-08,Monday,Jeans,P1028,Women,XL,Green,991,10,349,0,0,28.6,1.58,Bangalore,132
2024-04-09,Tuesday,T-shirt,P1022,Women,XL,White,1877,50,108,0,0,34.2,0.66,Delhi,96
2024-04-10,Wednesday,Dress,P1084,Unisex,XL,Black,1973,10,460,0,0,29.1,0.94,Delhi,114
2024-04-11,Thursday,Jacket,P1074,Women,S,Black,484,20,379,0,0,26.8,0.01,Mumbai,91
2024-04-12,Friday,T-shirt,P1023,Women,XL,Green,1591,20,54,1,0,36.2,0.67,Kolkata,87
2024-04-13,Saturday,Dress,P1043,Unisex,XL,White,921,10,171,0,0,26.0,0.17,Chennai,95
2024-04-14,Sunday,Dress,P1015,Men,L,Blue,1686,30,335,0,0,29.3,0.14,Delhi,96
2024-04-15,Monday,Jeans,P1074,Women,S,Green,1776,30,432,0,0,31.4,2.37,Chennai,96
2024-04-16,Tuesday,Shirt,P1013,Unisex,M,White,661,30,415,0,0,33.4,0.23,Mumbai,97
2024-04-17,Wednesday,Jacket,P1067,Men,L,White,490,30,423,1,0,25.8,0.98,Delhi,108
2024-04-18,Thursday,Shirt,P1043,Unisex,M,Black,929,50,3,0,0,35.7,0.33,Mumbai,109
2024-04-19,Friday,Jeans,P1041,Unisex,XL,White,1988,20,23,0,0,27.7,0.98,Bangalore,117
2024-04-20,Saturday,Dress,P1065,Unisex,L,Black,1176,20,405,1,0,27.6,0.53,Chennai,90
2024-04-21,Sunday,Shirt,P1056,Women,M,Blue,1103,50,246,0,1,29.1,0.23,Kolkata,102
2024-04-22,Monday,Jacket,P1071,Men,L,Red,1437,10,87,1,0,24.3,1.4,Mumbai,91
2024-04-23,Tuesday,Jeans,P1048,Men,L,Black,1323,50,143,1,0,29.2,0.53,Bangalore,117
2024-04-24,Wednesday,Shirt,P1081,Men,XL,Blue,725,0,19,0,0,27.8,1.35,Kolkata,102
2024-04-25,Thursday,Dress,P1028,Unisex,M,White,1575,20,451,0,0,32.0,0.74,Delhi,109
2024-04-26,Friday,Shirt,P1029,Women,S,Blue,1903,30,440,1,1,26.4,0.36,Chennai,117
2024-04-27,Saturday,Shirt,P1021,Women,M,Blue,404,0,0,0,0,41.1,1.06,Bangalore,111
2024-04-28,Sunday,Shirt,P1090,Women,XL,Green,1673,30,125,1,0,28.7,2.12,Mumbai,112
2024-04-29,Monday,Shirt,P1071,Men,L,Black,1574,40,131,0,0,25.1,0.76,Bangalore,87
2024-04-30,Tuesday,Jeans,P1091,Men,XL,Green,1213,10,359,0,0,38.1,0.12,Delhi,112
2024-05-01,Wednesday,T-shirt,P1082,Unisex,L,Red,803,40,447,0,0,26.1,0.3,Kolkata,123
2024-05-02,Thursday,Shirt,P1032,Women,XL,Black,1886,40,378,0,0,33.8,0.7,Delhi,122
2024-05-03,Friday,T-shirt,P1007,Unisex,M,Black,1702,10,401,0,0,20.2,0.5,Mumbai,91
2024-05-04,Saturday,T-shirt,P1083,Men,XL,Blue,1717,40,224,0,0,35.8,2.02,Mumbai,90
2024-05-05,Sunday,T-shirt,P1011,Unisex,M,Green,1798,0,31,0,0,35.0,0.22,Delhi,100
2024-05-06,Monday,Shirt,P1074,Men,L,Black,1998,40,102,1,0,37.2,0.32,Mumbai,103
2024-05-07,Tuesday,T-shirt,P1067,Men,XL,White,1079,10,260,0,0,32.7,0.16,Kolkata,99
2024-05-08,Wednesday,Jeans,P1002,Unisex,L,Black,718,30,219,0,0,33.9,0.51,Delhi,101
2024-05-09,Thursday,T-shirt,P1078,Women,XL,Red,398,30,223,0,0,33.4,1.85,Bangalore,113
2024-05-10,Friday,Jacket,P1035,Women,S,White,1114,30,11,0,1,27.5,0.38,Bangalore,95
2024-05-11,Saturday,Jacket,P1046,Men,L,White,683,10,384,0,0,25.5,0.47,Delhi,109
2024-05-12,Sunday,T-shirt,P1093,Men,XL,White,1260,50,481,1,0,34.4,0.41,Bangalore,82
2024-05-13,Monday,Jeans,P1015,Unisex,S,Red,303,20,289,1,0,24.9,2.14,Bangalore,109
2024-05-14,Tuesday,Jeans,P1047,Unisex,M,Black,983,20,352,1,1,20.8,2.09,Mumbai,108
2024-05-15,Wednesday,Dress,P1030,Men,S,Green,645,0,413,1,0,25.1,4.42,Mumbai,121
2024-05-16,Thursday,Dress,P1078,Women,S,White,689,20,7,0,0,39.2,1.13,Mumbai,102
2024-05-17,Friday,Jeans,P1074,Women,XL,Black,1706,40,159,0,0,34.8,3.06,Mumbai,91
2024-05-18,Saturday,Shirt,P1076,Unisex,XL,Blue,1688,10,237,0,0,29.2,0.57,Mumbai,98
2024-05-19,Sunday,Jacket,P1020,Unisex,S,Blue,1357,10,165,0,0,33.2,1.33,Kolkata,101
2024-05-20,Monday,Dress,P1091,Unisex,S,Black,1437,40,204,0,0,23.4,0.98,Bangalore,98
2024-05-21,Tuesday,Shirt,P1092,Men,L,Red,333,30,114,1,0,30.6,2.57,Delhi,102
2024-05-22,Wednesday,T-shirt,P1022,Women,M,Black,1935,0,456,0,0,30.1,0.92,Delhi,84
2024-05-23,Thursday,Shirt,P1043,Men,L,Red,1261,40,162,0,0,33.6,6.88,Kolkata,123
2024-05-24,Friday,Jeans,P1082,Unisex,M,Black,370,50,234,0,0,19.2,0.61,Bangalore,78
2024-05-25,Saturday,Dress,P1015,Unisex,S,Blue,1927,40,384,0,0,35.0,1.48,Mumbai,87
2024-05-26,Sunday,Jeans,P1010,Men,XL,Blue,1481,30,274,0,0,20.4,0.82,Chennai,104
2024-05-27,Monday,Shirt,P1081,Women,S,Black,1431,30,72,0,1,22.6,1.81,Delhi,82
2024-05-28,Tuesday,Shirt,P1040,Unisex,S,Blue,1913,40,207,0,0,31.9,0.5,Mumbai,102
2024-05-29,Wednesday,Shirt,P1071,Men,S,Red,602,30,441,0,0,31.0,0.17,Chennai,95
2024-05-30,Thursday,Jacket,P1083,Women,M,Blue,1003,0,399,0,0,30.8,0.09,Delhi,89
2024-05-31,Friday,Jeans,P1074,Women,L,Blue,461,40,498,0,0,31.4,0.16,Mumbai,104
2024-06-01,Saturday,Dress,P1034,Men,XL,Black,478,20,384,0,0,34.3,1.07,Bangalore,76
2024-06-02,Sunday,Jeans,P1092,Unisex,XL,Green,1670,20,387,0,0,26.6,0.42,Kolkata,91
2024-06-03,Monday,Shirt,P1061,Unisex,L,Blue,1994,40,409,0,0,28.8,1.72,Mumbai,94
2024-06-04,Tuesday,Dress,P1021,Women,M,Blue,1310,30,277,0,0,32.0,4.38,Kolkata,97
2024-06-05,Wednesday,Dress,P1046,Unisex,XL,Blue,1079,40,309,0,0,29.0,0.03,Bangalore,96
2024-06-06,Thursday,T-shirt,P1048,Women,XL,White,1809,30,54,0,0,25.9,0.33,Mumbai,109
2024-06-07,Friday,Shirt,P1015,Women,L,White,487,50,148,0,0,25.9,0.57,Kolkata,112
2024-06-08,Saturday,Jacket,P1042,Women,L,Blue,430,20,144,0,0,40.7,0.03,Chennai,81
2024-06-09,Sunday,T-shirt,P1031,Women,M,Black,321,30,91,0,0,34.7,0.18,Mumbai,97
2024-06-10,Monday,Dress,P1086,Unisex,M,Red,789,40,122,0,0,31.1,1.31,Delhi,106
2024-06-11,Tuesday,Jeans,P1060,Men,S,Blue,893,0,499,1,0,30.2,0.48,Delhi,104
2024-06-12,Wednesday,Shirt,P1083,Men,L,Red,951,0,1,0,0,36.1,1.29,Delhi,84
2024-06-13,Thursday,Dress,P1060,Men,S,Blue,870,40,41,1,0,20.0,1.6,Bangalore,100
2024-06-14,Friday,T-shirt,P1077,Women,L,Red,586,30,243,0,0,37.0,0.48,Bangalore,110
2024-06-15,Saturday,T-shirt,P1029,Men,M,Blue,813,30,384,1,0,34.8,3.97,Bangalore,111
2024-06-16,Sunday,T-shirt,P1011,Women,L,Red,590,40,209,0,0,27.1,0.44,Kolkata,101
2024-06-17,Monday,Jeans,P1099,Men,S,Green,1254,50,479,0,0,26.2,2.56,Bangalore,97
2024-06-18,Tuesday,Jeans,P1097,Unisex,L,Green,1915,30,192,0,0,28.8,0.87,Chennai,102
2024-06-19,Wednesday,Shirt,P1020,Unisex,XL,White,895,0,309,0,0,22.4,0.31,Delhi,83
2024-06-20,Thursday,Jacket,P1063,Women,XL,Black,828,40,58,0,0,23.5,2.23,Delhi,90
2024-06-21,Friday,Jeans,P1042,Women,XL,Black,442,50,137,0,0,29.6,3.46,Delhi,114
2024-06-22,Saturday,Jacket,P1097,Unisex,S,Blue,1471,0,343,0,1,27.2,0.3,Chennai,76
2024-06-23,Sunday,Jeans,P1044,Men,S,Black,1160,10,141,0,0,26.2,0.54,Delhi,92
2024-06-24,Monday,Shirt,P1019,Women,M,Blue,555,40,344,0,1,32.9,0.04,Bangalore,105
2024-06-25,Tuesday,T-shirt,P1006,Men,L,White,346,0,213,0,0,31.8,3.82,Kolkata,120
2024-06-26,Wednesday,Shirt,P1085,Women,M,Black,1853,0,280,0,0,25.3,0.17,Mumbai,99
2024-06-27,Thursday,Jacket,P1022,Unisex,M,Black,1163,50,203,0,0,30.1,1.6,Kolkata,93
2024-06-28,Friday,T-shirt,P1047,Men,XL,Red,299,30,88,1,0,24.0,0.99,Delhi,105
2024-06-29,Saturday,Jeans,P1086,Women,XL,Red,1636,30,298,0,0,34.7,0.38,Bangalore,108
2024-06-30,Sunday,Jeans,P1063,Women,L,Blue,1132,50,374,0,0,32.4,2.8,Bangalore,108
2024-07-01,Monday,Dress,P1049,Unisex,M,Red,1560,30,239,0,0,25.0,0.05,Kolkata,106
2024-07-02,Tuesday,Jacket,P1057,Men,XL,Red,1442,50,467,0,0,30.4,1.04,Mumbai,102
2024-07-03,Wednesday,Jeans,P1046,Men,S,Black,409,0,325,0,0,37.0,1.89,Kolkata,102
2024-07-04,Thursday,Jacket,P1035,Men,M,Red,1251,30,204,0,1,28.2,0.23,Mumbai,98
2024-07-05,Friday,T-shirt,P1070,Men,L,Black,340,40,344,0,0,26.0,0.14,Delhi,84
2024-07-06,Saturday,Shirt,P1044,Men,XL,Green,1981,30,265,0,0,24.7,2.45,Bangalore,102
2024-07-07,Sunday,Dress,P1071,Men,S,Black,1548,40,291,0,0,41.0,0.04,Kolkata,121
2024-07-08,Monday,Shirt,P1063,Women,XL,Green,1857,40,328,0,0,26.1,0.69,Mumbai,102
2024-07-09,Tuesday,Shirt,P1021,Women,S,White,1656,40,220,0,0,31.2,1.22,Delhi,92
2024-07-10,Wednesday,Dress,P1006,Women,XL,Red,784,20,254,0,0,29.5,1.43,Kolkata,117
2024-07-11,Thursday,Shirt,P1040,Women,M,Black,857,10,78,0,0,42.1,0.5,Delhi,121
2024-07-12,Friday,Shirt,P1042,Unisex,S,Black,1876,50,368,1,0,30.0,1.4,Mumbai,99
2024-07-13,Saturday,Shirt,P1013,Unisex,XL,Blue,1546,10,385,0,0,33.9,0.74,Bangalore,111
2024-07-14,Sunday,Jeans,P1028,Men,L,White,469,10,227,0,0,32.6,0.39,Chennai,97
2024-07-15,Monday,Dress,P1027,Unisex,L,White,458,0,127,1,1,20.9,2.13,Delhi,89
2024-07-16,Tuesday,Jacket,P1092,Unisex,L,Black,1693,30,163,0,0,25.1,1.37,Mumbai,100
2024-07-17,Wednesday,Shirt,P1087,Unisex,XL,Red,420,20,491,1,0,28.3,0.0,Delhi,105
2024-07-18,Thursday,Jeans,P1046,Women,XL,White,1033,50,139,0,0,35.2,0.68,Mumbai,84
2024-07-19,Friday,T-shirt,P1017,Men,XL,Red,916,10,213,0,0,35.4,0.56,Delhi,96
2024-07-20,Saturday,Dress,P1067,Men,M,Green,1203,40,499,0,1,25.7,0.29,Mumbai,120
2024-07-21,Sunday,Shirt,P1018,Women,L,Blue,1129,50,458,0,0,31.6,2.53,Mumbai,109
2024-07-22,Monday,Jeans,P1019,Unisex,XL,Blue,316,10,428,0,0,35.0,0.03,Mumbai,104
2024-07-23,Tuesday,T-shirt,P1008,Unisex,XL,Blue,779,30,335,1,0,41.5,2.53,Kolkata,101
2024-07-24,Wednesday,Dress,P1081,Unisex,M,White,604,20,160,0,0,25.5,2.16,Chennai,104
2024-07-25,Thursday,Dress,P1082,Women,S,Black,892,20,172,0,0,28.1,1.52,Delhi,110
2024-07-26,Friday,T-shirt,P1080,Men,S,White,1725,40,308,0,0,23.5,0.42,Chennai,98
2024-07-27,Saturday,T-shirt,P1075,Men,L,Green,487,0,171,0,0,25.6,1.1,Delhi,99
2024-07-28,Sunday,T-shirt,P1032,Women,M,Green,673,0,100,0,0,31.1,0.59,Bangalore,83
2024-07-29,Monday,Dress,P1099,Unisex,XL,Green,1911,30,57,0,0,26.5,1.92,Bangalore,94
2024-07-30,Tuesday,Shirt,P1049,Women,M,Blue,1620,0,360,0,0,29.7,1.2,Bangalore,111
2024-07-31,Wednesday,T-shirt,P1060,Men,M,White,517,50,380,0,0,33.0,0.62,Delhi,107
2024-08-01,Thursday,Jeans,P1045,Men,XL,Black,877,10,468,0,0,28.7,1.79,Kolkata,99
2024-08-02,Friday,Jeans,P1051,Unisex,S,Blue,1045,40,79,0,0,25.4,0.21,Delhi,95
2024-08-03,Saturday,Shirt,P1028,Unisex,XL,Blue,1228,10,100,0,0,29.4,2.01,Mumbai,97
2024-08-04,Sunday,Jacket,P1044,Unisex,L,Black,970,40,377,0,0,21.4,0.66,Mumbai,97
2024-08-05,Monday,Dress,P1063,Unisex,S,Green,1786,40,328,0,0,37.6,0.48,Mumbai,108
2024-08-06,Tuesday,Dress,P1027,Men,L,Black,651,40,314,0,0,25.0,4.54,Kolkata,86
2024-08-07,Wednesday,Shirt,P1038,Unisex,L,Green,590,50,31,0,0,38.0,1.27,Delhi,91
2024-08-08,Thursday,Shirt,P1093,Women,M,Black,1080,30,419,0,0,30.8,0.99,Bangalore,109
2024-08-09,Friday,T-shirt,P1098,Men,S,Red,337,0,66,0,0,31.0,0.08,Bangalore,111
2024-08-10,Saturday,Shirt,P1018,Women,XL,Black,1828,20,240,0,0,24.2,0.73,Mumbai,95
2024-08-11,Sunday,Shirt,P1081,Women,XL,Green,1232,50,331,0,0,32.9,0.76,Kolkata,97
2024-08-12,Monday,Jacket,P1037,Women,S,Blue,1946,20,48,0,0,22.8,0.11,Kolkata,78
2024-08-13,Tuesday,Jeans,P1093,Women,XL,Black,739,50,490,0,0,30.5,0.69,Kolkata,109
2024-08-14,Wednesday,Jeans,P1000,Women,M,Red,432,0,156,1,1,34.9,0.58,Mumbai,103
2024-08-15,Thursday,Shirt,P1040,Unisex,M,White,1334,30,220,0,0,32.5,1.43,Bangalore,98
2024-08-16,Friday,Dress,P1065,Women,S,White,935,20,412,0,0,26.1,1.02,Chennai,102
2024-08-17,Saturday,Jeans,P1000,Men,S,White,1368,30,131,0,0,26.5,1.49,Kolkata,81
2024-08-18,Sunday,Dress,P1046,Women,XL,Red,1114,30,117,0,1,30.4,0.35,Delhi,95
2024-08-19,Monday,T-shirt,P1045,Men,M,White,390,10,132,1,0,31.7,0.1,Kolkata,107
2024-08-20,Tuesday,Jeans,P1090,Women,M,White,1839,30,388,0,1,29.7,0.54,Bangalore,95
2024-08-21,Wednesday,Jacket,P1090,Men,L,Red,613,40,227,0,0,30.8,0.71,Chennai,112
2024-08-22,Thursday,Shirt,P1042,Unisex,S,Black,1583,40,264,0,0,29.1,0.46,Delhi,89
2024-08-23,Friday,Jeans,P1030,Unisex,XL,Green,1301,50,150,0,0,33.2,0.01,Delhi,104
2024-08-24,Saturday,Jacket,P1098,Unisex,S,Red,1294,30,271,0,0,33.2,0.77,Bangalore,104
2024-08-25,Sunday,Jacket,P1022,Unisex,L,Red,1076,30,104,0,1,32.9,1.17,Bangalore,103
2024-08-26,Monday,T-shirt,P1023,Women,L,Green,1314,0,105,1,0,34.8,1.61,Mumbai,109
2024-08-27,Tuesday,Dress,P1080,Women,S,Red,585,0,193,0,0,35.4,0.45,Kolkata,88
2024-08-28,Wednesday,Jacket,P1001,Women,S,Blue,1472,10,299,0,0,26.7,2.32,Mumbai,100
2024-08-29,Thursday,T-shirt,P1095,Women,XL,White,574,40,57,0,0,29.4,0.0,Kolkata,108
2024-08-30,Friday,Jacket,P1083,Women,L,Blue,1762,50,0,0,0,28.6,5.93,Bangalore,96
2024-08-31,Saturday,Jacket,P1075,Women,XL,White,303,20,246,0,0,31.5,1.56,Kolkata,100
2024-09-01,Sunday,Dress,P1089,Unisex,L,Red,555,0,426,0,0,30.6,0.57,Kolkata,92
2024-09-02,Monday,Dress,P1084,Unisex,S,Blue,1147,20,195,0,0,24.9,0.52,Delhi,89
2024-09-03,Tuesday,Jeans,P1055,Unisex,S,Black,456,20,361,0,0,30.6,0.93,Mumbai,108
2024-09-04,Wednesday,Shirt,P1081,Men,XL,Red,1195,30,241,1,0,31.9,0.34,Delhi,104
2024-09-05,Thursday,Shirt,P1056,Women,S,White,1446,20,33,0,0,22.8,0.46,Chennai,111
2024-09-06,Friday,Dress,P1099,Women,L,Red,1541,40,303,0,0,36.6,1.81,Delhi,90
2024-09-07,Saturday,Jacket,P1037,Women,M,Blue,1014,40,312,0,0,28.3,2.03,Chennai,110
2024-09-08,Sunday,T-shirt,P1050,Unisex,M,Green,692,0,14,0,0,27.9,4.65,Bangalore,131
2024-09-09,Monday,Shirt,P1029,Unisex,XL,Red,385,0,165,0,0,29.3,0.38,Mumbai,103
2024-09-10,Tuesday,Dress,P1013,Men,S,Green,510,20,87,0,0,30.9,2.38,Delhi,110
2024-09-11,Wednesday,Dress,P1000,Men,M,Green,432,20,325,0,0,30.4,0.07,Delhi,98
2024-09-12,Thursday,T-shirt,P1018,Women,L,Red,649,40,284,0,0,27.1,0.98,Delhi,103
2024-09-13,Friday,T-shirt,P1085,Unisex,S,Black,1158,0,392,0,0,31.4,0.41,Kolkata,112
2024-09-14,Saturday,Dress,P1080,Unisex,S,Green,365,30,112,1,0,35.6,0.51,Bangalore,101
2024-09-15,Sunday,Jeans,P1088,Men,XL,White,1645,0,453,0,0,23.0,0.84,Mumbai,96
2024-09-16,Monday,Jacket,P1099,Men,S,White,1973,0,341,1,0,26.9,0.4,Chennai,105
2024-09-17,Tuesday,Dress,P1026,Men,S,Red,332,40,371,0,0,29.3,1.57,Delhi,92
2024-09-18,Wednesday,T-shirt,P1006,Women,M,White,1315,10,234,0,0,28.3,1.75,Bangalore,97
2024-09-19,Thursday,Jeans,P1079,Men,L,Red,952,20,59,0,0,28.5,4.03,Delhi,93
2024-09-20,Friday,Dress,P1056,Unisex,L,White,1477,10,288,0,0,35.3,0.06,Chennai,89
2024-09-21,Saturday,T-shirt,P1079,Men,S,Red,445,10,86,0,0,32.9,0.4,Mumbai,89
2024-09-22,Sunday,Dress,P1061,Men,S,Green,1063,20,444,0,0,28.3,1.17,Delhi,87
2024-09-23,Monday,Shirt,P1022,Women,M,Blue,1882,50,421,0,0,26.3,0.68,Delhi,110
2024-09-24,Tuesday,T-shirt,P1031,Unisex,S,Green,846,30,474,0,0,27.7,0.91,Chennai,108
2024-09-25,Wednesday,Jeans,P1003,Unisex,L,Black,1940,50,283,0,0,23.7,0.2,Kolkata,97
2024-09-26,Thursday,Jeans,P1063,Women,L,Black,1467,30,68,0,0,31.2,1.41,Bangalore,105
2024-09-27,Friday,Dress,P1037,Women,L,White,1442,50,312,0,0,23.3,0.67,Bangalore,103
2024-09-28,Saturday,Dress,P1017,Unisex,L,Green,1231,20,313,0,0,29.3,0.2,Delhi,89
2024-09-29,Sunday,Jeans,P1071,Men,S,Blue,381,0,136,0,0,21.1,0.52,Mumbai,99
2024-09-30,Monday,Jacket,P1018,Men,S,White,1954,0,465,0,0,31.7,2.18,Mumbai,90
2024-10-01,Tuesday,Shirt,P1021,Women,M,Green,1656,30,410,0,0,34.3,0.49,Chennai,110
2024-10-02,Wednesday,Dress,P1028,Women,L,Green,759,20,365,1,0,31.8,0.98,Delhi,87
2024-10-03,Thursday,Dress,P1052,Men,L,Black,317,40,404,0,0,25.1,1.81,Delhi,99
2024-10-04,Friday,Dress,P1065,Unisex,XL,Black,1114,10,186,0,0,36.2,0.45,Delhi,99
2024-10-05,Saturday,Dress,P1048,Men,XL,Blue,650,10,460,0,0,34.3,1.23,Delhi,106
2024-10-06,Sunday,T-shirt,P1053,Unisex,L,White,882,30,139,1,0,26.0,0.58,Bangalore,96
2024-10-07,Monday,Dress,P1075,Men,XL,Red,1699,50,456,0,0,20.2,0.31,Bangalore,113
2024-10-08,Tuesday,Jacket,P1061,Women,XL,Black,735,20,55,0,1,41.0,1.07,Kolkata,106
2024-10-09,Wednesday,Shirt,P1042,Women,M,White,453,30,220,0,0,31.1,0.02,Mumbai,103
2024-10-10,Thursday,Shirt,P1068,Men,M,Blue,1289,10,149,0,0,28.3,2.19,Bangalore,96
2024-10-11,Friday,Shirt,P1075,Women,L,Blue,501,10,15,0,0,26.0,0.18,Mumbai,89
2024-10-12,Saturday,Dress,P1081,Unisex,L,White,492,50,420,0,0,24.5,0.64,Mumbai,107
2024-10-13,Sunday,Dress,P1055,Men,XL,Red,671,0,435,0,1,24.5,0.45,Delhi,122
2024-10-14,Monday,Shirt,P1038,Women,M,Green,1355,30,310,0,0,30.1,0.46,Mumbai,98
2024-10-15,Tuesday,T-shirt,P1097,Unisex,M,Green,1633,10,260,0,0,30.1,0.26,Delhi,104
2024-10-16,Wednesday,Dress,P1060,Unisex,M,Green,1283,40,452,0,0,31.2,0.33,Kolkata,96
2024-10-17,Thursday,Jacket,P1008,Unisex,L,Green,814,30,89,0,0,29.4,3.31,Chennai,91
2024-10-18,Friday,Dress,P1052,Men,M,Black,1935,20,356,0,0,33.0,1.11,Delhi,123
2024-10-19,Saturday,Jeans,P1023,Unisex,S,Black,1930,40,466,0,0,22.4,1.5,Kolkata,110
2024-10-20,Sunday,T-shirt,P1015,Unisex,M,Blue,542,50,284,0,1,30.2,1.19,Chennai,99
2024-10-21,Monday,T-shirt,P1080,Men,M,Black,815,30,449,0,0,21.2,1.31,Mumbai,77
2024-10-22,Tuesday,Jeans,P1041,Unisex,M,Blue,717,40,9,0,0,30.8,5.0,Kolkata,105
2024-10-23,Wednesday,T-shirt,P1002,Unisex,L,Black,1566,20,146,0,0,25.2,1.52,Kolkata,104
2024-10-24,Thursday,Dress,P1027,Men,S,Blue,959,20,187,0,0,27.0,1.44,Bangalore,92
2024-10-25,Friday,T-shirt,P1009,Unisex,XL,Red,1677,20,330,0,1,19.3,1.26,Delhi,106
2024-10-26,Saturday,T-shirt,P1022,Men,M,White,1137,30,276,1,0,31.3,0.01,Bangalore,89
2024-10-27,Sunday,Jeans,P1095,Unisex,S,Red,1426,50,93,0,0,32.0,1.12,Kolkata,100
2024-10-28,Monday,Jeans,P1090,Unisex,XL,White,1856,10,459,0,0,28.8,0.52,Bangalore,112
2024-10-29,Tuesday,Dress,P1092,Women,XL,Green,721,40,466,0,0,30.9,0.65,Delhi,115
2024-10-30,Wednesday,Jacket,P1069,Women,M,Red,352,20,271,0,0,31.1,0.33,Bangalore,96
2024-10-31,Thursday,Shirt,P1034,Women,XL,White,954,20,114,0,0,30.3,0.18,Bangalore,81
2024-11-01,Friday,Jeans,P1007,Women,M,Red,1817,10,344,0,0,26.5,0.0,Bangalore,102
2024-11-02,Saturday,Dress,P1098,Women,S,White,1157,20,53,0,1,31.5,0.41,Kolkata,96
2024-11-03,Sunday,Jacket,P1033,Unisex,S,Black,966,30,129,0,1,34.2,1.15,Kolkata,94
2024-11-04,Monday,Jacket,P1035,Unisex,XL,Black,596,10,482,0,0,32.9,0.01,Chennai,103
2024-11-05,Tuesday,Dress,P1099,Unisex,XL,Red,643,50,138,1,0,33.5,0.57,Bangalore,93
2024-11-06,Wednesday,Jacket,P1040,Unisex,XL,Green,590,0,114,0,0,32.7,1.09,Mumbai,90
2024-11-07,Thursday,Dress,P1015,Unisex,L,Red,414,40,158,0,0,38.0,1.02,Delhi,102
2024-11-08,Friday,Dress,P1006,Men,S,Black,1529,50,423,0,1,27.1,1.03,Chennai,104
2024-11-09,Saturday,Dress,P1077,Women,XL,Black,599,40,295,0,0,27.4,0.08,Bangalore,129
2024-11-10,Sunday,Jacket,P1064,Women,M,Green,532,10,259,0,0,33.3,0.14,Chennai,80
2024-11-11,Monday,T-shirt,P1013,Men,XL,White,694,50,419,0,0,34.6,0.07,Delhi,97
2024-11-12,Tuesday,T-shirt,P1012,Men,S,Green,1723,20,307,0,0,29.0,1.05,Delhi,105
2024-11-13,Wednesday,Shirt,P1094,Men,S,Green,1018,10,81,1,0,26.0,1.09,Delhi,118
2024-11-14,Thursday,Shirt,P1059,Men,XL,White,1533,0,52,0,0,26.2,0.58,Chennai,91
2024-11-15,Friday,Jeans,P1014,Unisex,M,Red,1719,30,444,0,0,30.4,0.6,Bangalore,81
2024-11-16,Saturday,Jacket,P1070,Unisex,S,White,1960,10,344,0,0,22.6,0.1,Chennai,96
2024-11-17,Sunday,Jacket,P1091,Women,S,Green,1655,40,434,0,0,32.3,0.6,Delhi,102
2024-11-18,Monday,T-shirt,P1075,Unisex,L,Green,633,50,379,0,0,30.2,0.67,Bangalore,104
2024-11-19,Tuesday,Jeans,P1068,Women,S,Red,858,20,494,0,0,33.9,0.11,Delhi,86
2024-11-20,Wednesday,Jeans,P1025,Men,S,Black,1020,50,469,0,0,26.0,1.14,Kolkata,93
2024-11-21,Thursday,Shirt,P1046,Women,XL,White,831,40,361,0,0,39.0,0.97,Delhi,98
2024-11-22,Friday,Dress,P1054,Unisex,M,Green,522,50,455,0,0,31.2,0.27,Chennai,104
2024-11-23,Saturday,T-shirt,P1007,Women,L,White,1343,50,386,0,0,31.9,2.14,Kolkata,104
2024-11-24,Sunday,Dress,P1096,Men,XL,Green,1554,0,309,0,0,33.7,3.53,Mumbai,81
2024-11-25,Monday,Shirt,P1026,Women,S,Blue,1617,30,25,0,0,31.0,0.24,Chennai,111
2024-11-26,Tuesday,Jeans,P1066,Unisex,M,Red,979,0,433,0,0,37.1,0.32,Delhi,115
2024-11-27,Wednesday,T-shirt,P1097,Unisex,XL,Red,1216,50,174,0,0,21.5,0.93,Kolkata,99
2024-11-28,Thursday,Shirt,P1071,Unisex,L,White,998,30,151,0,0,27.4,0.52,Delhi,120
2024-11-29,Friday,Shirt,P1020,Women,S,Green,1024,0,282,0,0,29.0,1.21,Bangalore,107
2024-11-30,Saturday,T-shirt,P1081,Women,M,Green,1431,30,31,0,0,28.9,1.84,Bangalore,102
2024-12-01,Sunday,Dress,P1014,Women,L,Red,1978,10,325,0,0,36.8,2.61,Bangalore,96
2024-12-02,Monday,T-shirt,P1095,Women,XL,Green,1045,50,100,0,0,36.5,2.96,Delhi,101
2024-12-03,Tuesday,T-shirt,P1090,Women,M,Blue,1428,30,107,0,0,26.1,1.14,Delhi,101
2024-12-04,Wednesday,Jacket,P1005,Men,S,Red,835,50,252,0,0,29.2,0.38,Mumbai,100
2024-12-05,Thursday,Dress,P1088,Women,S,Green,1626,10,316,0,0,29.1,1.11,Mumbai,93
2024-12-06,Friday,Dress,P1029,Women,L,Red,1657,50,484,1,0,30.2,1.01,Mumbai,93
2024-12-07,Saturday,Dress,P1020,Men,L,Blue,526,30,467,1,0,29.5,0.28,Kolkata,118
2024-12-08,Sunday,Jeans,P1001,Men,L,White,1132,40,73,0,0,30.0,4.47,Mumbai,86
2024-12-09,Monday,Dress,P1084,Men,M,White,541,30,334,0,0,23.5,0.11,Mumbai,96
2024-12-10,Tuesday,Shirt,P1057,Women,L,Black,440,40,210,0,0,32.9,0.91,Kolkata,82
2024-12-11,Wednesday,Dress,P1036,Women,M,Black,433,40,81,0,0,31.6,0.73,Delhi,83
2024-12-12,Thursday,Dress,P1009,Unisex,L,Black,1693,30,183,0,0,36.0,0.09,Chennai,98
2024-12-13,Friday,Dress,P1085,Women,S,White,1270,10,39,0,0,28.2,0.2,Mumbai,77
2024-12-14,Saturday,Dress,P1061,Men,S,Green,646,50,339,0,0,29.5,0.02,Delhi,102
2024-12-15,Sunday,Jacket,P1061,Men,L,Green,1017,0,156,0,0,26.7,0.01,Kolkata,109
2024-12-16,Monday,Jacket,P1069,Men,S,Black,1904,0,294,0,0,42.3,0.05,Delhi,94
2024-12-17,Tuesday,T-shirt,P1082,Unisex,XL,Green,1059,40,488,0,0,31.0,0.15,Bangalore,101
2024-12-18,Wednesday,Jeans,P1082,Unisex,L,White,888,20,192,0,0,22.3,0.97,Kolkata,90
2024-12-19,Thursday,Dress,P1011,Men,L,White,1745,10,113,0,0,26.7,2.92,Chennai,99
2024-12-20,Friday,Jeans,P1048,Men,M,Blue,1472,50,176,0,0,28.6,2.37,Kolkata,101
2024-12-21,Saturday,Shirt,P1000,Men,M,Green,531,50,478,0,0,33.4,0.42,Bangalore,107
2024-12-22,Sunday,T-shirt,P1087,Women,S,White,1098,20,97,0,0,29.4,0.69,Kolkata,113
2024-12-23,Monday,Dress,P1087,Men,XL,Green,1805,20,442,0,0,24.3,1.1,Kolkata,100
2024-12-24,Tuesday,Shirt,P1024,Women,S,Green,1238,30,193,0,0,27.3,0.25,Bangalore,108
2024-12-25,Wednesday,Shirt,P1068,Unisex,S,White,907,10,350,0,1,22.7,0.27,Mumbai,102
2024-12-26,Thursday,Jacket,P1057,Unisex,XL,Green,1326,10,54,0,1,35.8,2.47,Bangalore,102
2024-12-27,Friday,Shirt,P1058,Unisex,L,Blue,1123,20,93,0,0,24.0,0.06,Bangalore,91
2024-12-28,Saturday,Jeans,P1089,Men,XL,Green,400,30,108,0,1,31.6,0.59,Kolkata,100
2024-12-29,Sunday,T-shirt,P1002,Men,L,Blue,523,40,184,0,0,26.6,0.83,Chennai,93
2024-12-30,Monday,Jacket,P1052,Women,S,Red,1366,20,495,0,0,36.6,0.46,Mumbai,112
2024-12-31,Tuesday,T-shirt,P1031,Unisex,M,Red,1453,40,132,0,0,22.8,0.1,Bangalore,93
2025-01-01,Wednesday,Dress,P1063,Men,L,Green,611,50,40,1,0,28.7,0.05,Chennai,91
2025-01-02,Thursday,Jacket,P1036,Men,S,Red,1731,40,123,0,0,22.5,1.19,Chennai,102
2025-01-03,Friday,Dress,P1030,Unisex,XL,Black,1442,50,102,0,0,19.1,0.59,Chennai,110
2025-01-04,Saturday,Dress,P1056,Unisex,S,White,1391,10,451,0,1,33.4,1.99,Delhi,106
2025-01-05,Sunday,Jeans,P1010,Women,L,Blue,782,30,337,1,0,30.6,1.67,Bangalore,96
2025-01-06,Monday,Jacket,P1067,Men,S,Blue,822,20,379,0,1,32.5,0.51,Bangalore,111
2025-01-07,Tuesday,Jeans,P1011,Unisex,M,White,1395,50,118,0,0,30.9,0.55,Chennai,109
2025-01-08,Wednesday,Shirt,P1024,Women,XL,Blue,906,10,347,0,0,34.1,1.51,Kolkata,98
2025-01-09,Thursday,Shirt,P1081,Men,L,Black,726,0,112,1,0,28.8,0.44,Mumbai,100
2025-01-10,Friday,Jacket,P1060,Women,M,Red,1366,20,39,0,1,29.0,0.66,Mumbai,104
2025-01-11,Saturday,Dress,P1091,Men,L,Blue,504,50,254,0,0,22.5,4.14,Delhi,103
2025-01-12,Sunday,Dress,P1030,Unisex,L,Black,1536,0,196,0,0,17.1,0.64,Mumbai,106
2025-01-13,Monday,T-shirt,P1066,Women,S,Blue,1880,20,203,0,0,31.8,0.99,Chennai,97
2025-01-14,Tuesday,Shirt,P1009,Women,S,White,530,40,474,0,0,22.5,0.38,Mumbai,103
2025-01-15,Wednesday,Dress,P1020,Men,M,Black,1596,0,396,0,0,36.1,2.14,Delhi,96
2025-01-16,Thursday,Shirt,P1090,Women,M,White,570,0,71,1,1,32.4,0.84,Bangalore,104
2025-01-17,Friday,Dress,P1066,Unisex,M,Blue,1687,0,401,0,0,34.9,0.72,Bangalore,105
2025-01-18,Saturday,Jeans,P1027,Unisex,S,White,1731,20,400,0,0,22.0,0.41,Delhi,95
2025-01-19,Sunday,Jeans,P1015,Unisex,L,White,630,50,443,0,0,32.9,1.32,Bangalore,91
2025-01-20,Monday,Dress,P1089,Unisex,S,Red,484,30,327,1,0,34.1,0.97,Bangalore,95
2025-01-21,Tuesday,Jeans,P1042,Unisex,S,White,1668,0,16,1,1,38.3,1.55,Delhi,87
2025-01-22,Wednesday,Dress,P1012,Unisex,M,Black,565,20,398,0,0,28.4,2.69,Mumbai,104
2025-01-23,Thursday,T-shirt,P1043,Men,M,Black,561,40,201,0,0,32.7,0.6,Chennai,98
2025-01-24,Friday,Jacket,P1067,Unisex,XL,Blue,777,20,168,0,0,34.1,1.28,Delhi,109
2025-01-25,Saturday,Jacket,P1054,Women,S,Black,1600,20,136,0,0,20.7,0.61,Delhi,101
2025-01-26,Sunday,Jeans,P1082,Women,XL,Red,1023,10,19,0,0,26.4,2.1,Bangalore,80
2025-01-27,Monday,Jacket,P1024,Women,L,Blue,1935,30,299,0,0,24.8,0.85,Bangalore,86
2025-01-28,Tuesday,Jacket,P1053,Women,L,Blue,1285,30,465,0,1,35.0,0.11,Bangalore,113
2025-01-29,Wednesday,Dress,P1076,Women,S,Green,1872,30,55,0,0,30.7,0.37,Mumbai,94
2025-01-30,Thursday,Jacket,P1029,Men,XL,Black,1054,40,278,0,0,29.9,0.31,Delhi,115
2025-01-31,Friday,Shirt,P1049,Women,XL,Blue,479,40,234,0,0,29.8,0.3,Mumbai,99
2025-02-01,Saturday,Shirt,P1012,Women,S,Red,463,10,248,0,0,30.8,0.74,Chennai,101
2025-02-02,Sunday,T-shirt,P1033,Unisex,S,Green,368,50,470,1,0,29.3,0.06,Kolkata,114
2025-02-03,Monday,Shirt,P1062,Women,S,Black,1398,20,44,0,0,27.3,2.3,Delhi,101
2025-02-04,Tuesday,Jeans,P1030,Men,XL,Green,910,30,391,0,0,36.0,0.01,Kolkata,109
2025-02-05,Wednesday,Dress,P1020,Men,XL,White,888,50,374,0,0,28.8,0.23,Bangalore,119
2025-02-06,Thursday,Shirt,P1024,Men,XL,White,480,30,294,0,1,25.8,0.17,Delhi,102
2025-02-07,Friday,Shirt,P1019,Men,XL,Red,415,10,98,0,0,25.4,0.44,Bangalore,112
2025-02-08,Saturday,Dress,P1053,Men,S,Green,866,30,4,0,0,26.8,0.08,Chennai,113
2025-02-09,Sunday,Dress,P1066,Unisex,S,Blue,1926,0,170,0,0,26.4,0.55,Chennai,101
2025-02-10,Monday,Shirt,P1014,Women,M,Black,1821,10,234,0,0,30.6,0.04,Delhi,103
2025-02-11,Tuesday,T-shirt,P1004,Unisex,M,Black,402,40,341,0,0,24.5,0.19,Mumbai,75
2025-02-12,Wednesday,Jacket,P1028,Women,M,Red,1136,20,164,0,0,29.7,0.11,Kolkata,83
2025-02-13,Thursday,Dress,P1037,Men,S,Green,1938,30,361,0,0,28.2,0.04,Chennai,95
2025-02-14,Friday,Jacket,P1064,Women,S,White,1757,40,402,0,0,34.7,0.7,Kolkata,95
2025-02-15,Saturday,T-shirt,P1014,Men,M,Red,363,20,10,1,0,30.5,1.28,Kolkata,100
2025-02-16,Sunday,Dress,P1007,Men,M,Red,1387,50,266,0,0,36.5,1.24,Chennai,116
2025-02-17,Monday,Jeans,P1036,Men,L,Green,1517,20,71,0,0,29.3,1.21,Bangalore,95
2025-02-18,Tuesday,Jeans,P1034,Women,L,Black,576,10,53,1,0,36.3,2.79,Chennai,103
2025-02-19,Wednesday,Dress,P1087,Men,S,Black,1443,10,28,0,0,30.5,0.41,Delhi,101
2025-02-20,Thursday,T-shirt,P1056,Unisex,S,White,660,20,163,0,0,36.7,0.46,Mumbai,105
2025-02-21,Friday,Shirt,P1002,Men,M,White,1814,30,444,0,0,33.4,0.61,Chennai,113
2025-02-22,Saturday,Jacket,P1013,Unisex,M,White,1028,40,178,0,0,31.5,2.06,Chennai,91
2025-02-23,Sunday,Dress,P1034,Unisex,M,Red,454,40,467,1,0,25.3,0.53,Mumbai,90
2025-02-24,Monday,Shirt,P1074,Men,M,Red,593,50,168,0,0,26.4,1.49,Bangalore,111
2025-02-25,Tuesday,Dress,P1009,Women,S,Blue,1297,10,146,0,0,32.9,0.3,Chennai,113
2025-02-26,Wednesday,Dress,P1051,Men,S,White,1770,50,478,0,0,31.4,0.52,Bangalore,104
2025-02-27,Thursday,Shirt,P1027,Women,L,Blue,1387,40,472,0,0,37.4,0.4,Kolkata,102
2025-02-28,Friday,Jacket,P1029,Women,L,White,1108,30,47,0,0,29.1,0.17,Kolkata,91
2025-03-01,Saturday,Dress,P1054,Men,XL,Red,1395,50,299,0,0,29.6,1.45,Bangalore,95
2025-03-02,Sunday,Dress,P1014,Women,S,Black,1839,40,240,0,0,27.1,1.8,Mumbai,93
2025-03-03,Monday,Jacket,P1056,Unisex,M,Blue,816,50,375,1,0,23.3,0.67,Bangalore,85
2025-03-04,Tuesday,Shirt,P1085,Women,XL,Red,783,40,36,0,0,27.0,1.69,Bangalore,114
2025-03-05,Wednesday,Jeans,P1072,Women,M,Blue,1265,0,374,0,0,29.1,0.68,Mumbai,112
2025-03-06,Thursday,T-shirt,P1051,Men,S,Red,581,50,112,0,0,27.0,0.58,Kolkata,97
2025-03-07,Friday,Dress,P1020,Unisex,L,Red,638,20,119,0,1,29.6,3.45,Kolkata,96
2025-03-08,Saturday,Shirt,P1047,Unisex,L,Green,316,50,254,0,0,20.8,0.54,Kolkata,99
2025-03-09,Sunday,Shirt,P1061,Men,L,White,1794,50,320,0,0,27.0,4.4,Bangalore,94
2025-03-10,Monday,Dress,P1008,Women,L,Green,714,40,209,0,0,25.6,1.52,Chennai,104
2025-03-11,Tuesday,Jacket,P1066,Women,XL,White,1928,10,270,1,0,26.1,0.67,Bangalore,105
2025-03-12,Wednesday,Jeans,P1043,Men,M,Red,323,40,43,0,0,27.9,0.31,Kolkata,121
2025-03-13,Thursday,Dress,P1031,Women,M,Blue,1134,20,352,0,0,33.8,1.05,Bangalore,107
2025-03-14,Friday,Jacket,P1075,Men,XL,Red,584,50,167,0,0,26.5,0.84,Delhi,100
2025-03-15,Saturday,Jeans,P1068,Women,M,White,1186,30,304,0,0,35.3,0.66,Mumbai,94
2025-03-16,Sunday,Jeans,P1094,Unisex,L,Green,338,40,463,0,0,31.0,0.19,Mumbai,93
2025-03-17,Monday,Jeans,P1030,Men,M,Blue,1503,30,247,0,0,25.3,0.15,Delhi,101
2025-03-18,Tuesday,T-shirt,P1076,Men,L,White,444,10,22,1,0,27.2,0.46,Bangalore,100
2025-03-19,Wednesday,Jeans,P1053,Unisex,M,Black,1830,50,171,0,0,26.5,0.74,Delhi,115
2025-03-20,Thursday,Dress,P1062,Men,M,Blue,552,20,139,0,0,32.5,1.2,Mumbai,89
2025-03-21,Friday,Dress,P1010,Women,L,Black,562,50,52,0,0,40.3,0.28,Delhi,113
2025-03-22,Saturday,Shirt,P1032,Men,L,White,1306,20,165,0,0,20.4,0.81,Kolkata,95
2025-03-23,Sunday,Shirt,P1055,Women,M,Red,782,10,318,0,0,32.3,1.61,Delhi,99
2025-03-24,Monday,Jeans,P1053,Unisex,XL,Green,1097,20,293,1,0,25.0,0.17,Chennai,83
2025-03-25,Tuesday,Shirt,P1099,Men,S,Blue,1128,50,435,0,0,33.3,0.91,Chennai,96
2025-03-26,Wednesday,Jeans,P1094,Men,S,White,1433,20,205,0,0,28.4,0.07,Mumbai,98
2025-03-27,Thursday,Jeans,P1069,Unisex,XL,Green,1728,20,472,1,0,40.9,1.62,Mumbai,84
2025-03-28,Friday,Jeans,P1059,Men,XL,Red,1544,20,486,0,1,32.0,0.68,Kolkata,135
2025-03-29,Saturday,Jeans,P1053,Men,M,Green,1237,0,186,0,0,25.1,1.47,Mumbai,88
2025-03-30,Sunday,T-shirt,P1004,Women,M,Red,515,0,93,0,0,37.8,0.54,Delhi,102
2025-03-31,Monday,Jeans,P1099,Unisex,XL,Green,361,0,71,0,0,32.1,1.08,Kolkata,104
2025-04-01,Tuesday,Jacket,P1075,Unisex,M,Blue,380,10,475,0,0,30.7,1.78,Kolkata,111
2025-04-02,Wednesday,T-shirt,P1003,Women,S,Green,1657,20,385,1,0,29.2,2.52,Bangalore,105
2025-04-03,Thursday,Shirt,P1086,Women,L,Red,1016,40,243,0,0,45.4,0.16,Bangalore,91
2025-04-04,Friday,T-shirt,P1090,Women,L,Green,795,30,132,0,0,20.7,2.66,Chennai,106
2025-04-05,Saturday,T-shirt,P1054,Men,XL,Blue,961,30,405,0,0,38.6,0.03,Kolkata,96
2025-04-06,Sunday,Jacket,P1080,Women,XL,Red,1550,40,151,0,0,18.5,0.61,Delhi,100
2025-04-07,Monday,T-shirt,P1076,Men,S,Green,785,30,370,0,0,23.3,0.42,Chennai,98
2025-04-08,Tuesday,Shirt,P1091,Women,S,Green,315,10,211,0,0,32.9,0.24,Delhi,116
2025-04-09,Wednesday,Jeans,P1087,Men,S,Black,1862,30,437,0,0,35.8,0.86,Mumbai,92
2025-04-10,Thursday,Jacket,P1055,Women,S,Black,1803,40,462,0,0,31.8,1.38,Delhi,90
2025-04-11,Friday,Dress,P1024,Unisex,S,Green,1529,50,125,0,0,37.5,0.28,Delhi,97
2025-04-12,Saturday,Jacket,P1007,Women,M,Blue,1316,0,432,0,0,30.4,1.11,Delhi,96
2025-04-13,Sunday,Jacket,P1084,Women,S,Blue,646,0,125,0,0,21.3,3.33,Mumbai,108
2025-04-14,Monday,T-shirt,P1026,Women,L,Blue,1758,10,466,0,0,28.3,1.27,Bangalore,100
2025-04-15,Tuesday,T-shirt,P1056,Women,M,Red,1024,50,477,0,1,26.6,0.12,Chennai,91
2025-04-16,Wednesday,Jacket,P1014,Unisex,XL,White,1041,30,125,1,0,35.6,2.77,Mumbai,110
2025-04-17,Thursday,Dress,P1005,Men,M,Red,1163,30,452,0,0,20.7,0.27,Kolkata,107
2025-04-18,Friday,Shirt,P1032,Unisex,L,Red,1317,50,269,0,0,34.3,0.21,Chennai,85
2025-04-19,Saturday,Dress,P1040,Women,M,Blue,424,30,309,0,0,30.6,4.04,Mumbai,95
2025-04-20,Sunday,Jacket,P1073,Women,S,Green,617,40,210,0,0,27.3,0.08,Delhi,75
2025-04-21,Monday,Jacket,P1001,Men,M,Black,1158,40,153,0,0,29.2,1.68,Kolkata,101
2025-04-22,Tuesday,Jeans,P1019,Unisex,L,White,1899,20,74,0,0,38.6,0.12,Bangalore,111
2025-04-23,Wednesday,Jacket,P1039,Unisex,S,Black,680,40,128,0,0,32.8,0.9,Bangalore,97
2025-04-24,Thursday,Jeans,P1001,Unisex,L,Black,333,30,225,0,0,22.1,1.39,Delhi,87
2025-04-25,Friday,Shirt,P1013,Men,S,Green,1870,40,449,0,0,27.2,0.8,Delhi,120
2025-04-26,Saturday,Dress,P1033,Men,XL,Black,679,0,248,0,0,37.4,0.02,Chennai,83
2025-04-27,Sunday,Jeans,P1040,Men,XL,Black,1413,40,193,0,0,33.0,2.13,Kolkata,105
2025-04-28,Monday,T-shirt,P1057,Men,M,Red,666,50,454,0,0,33.1,0.25,Chennai,103
2025-04-29,Tuesday,Jeans,P1073,Women,L,Blue,1277,20,86,1,0,32.5,1.15,Bangalore,98
2025-04-30,Wednesday,Shirt,P1072,Unisex,XL,White,722,50,304,0,0,31.6,0.3,Chennai,89
2025-05-01,Thursday,Jacket,P1057,Women,S,Red,1189,40,317,0,0,35.5,1.58,Chennai,113
2025-05-02,Friday,Jacket,P1093,Men,M,White,1389,30,126,0,1,31.8,0.94,Chennai,80
2025-05-03,Saturday,T-shirt,P1095,Women,XL,White,740,40,299,0,0,29.6,1.19,Kolkata,112
2025-05-04,Sunday,Shirt,P1084,Unisex,XL,Red,1814,20,466,0,0,29.8,0.53,Bangalore,104
2025-05-05,Monday,Shirt,P1076,Women,L,Red,681,20,451,1,0,25.4,0.35,Delhi,115
2025-05-06,Tuesday,Jeans,P1005,Unisex,M,Green,904,40,297,0,0,29.5,1.93,Mumbai,106
2025-05-07,Wednesday,Dress,P1073,Men,L,White,512,10,319,1,1,31.7,1.81,Mumbai,104
2025-05-08,Thursday,Shirt,P1091,Women,S,Green,723,40,448,0,0,30.5,0.16,Delhi,111
2025-05-09,Friday,T-shirt,P1081,Women,M,Blue,1871,40,146,0,0,30.2,0.85,Delhi,92
2025-05-10,Saturday,Dress,P1050,Men,XL,Green,1100,30,469,0,0,30.3,0.29,Mumbai,96
2025-05-11,Sunday,Jeans,P1065,Unisex,XL,Green,1861,30,492,0,0,31.1,0.18,Mumbai,106
2025-05-12,Monday,T-shirt,P1062,Unisex,S,White,1507,20,405,1,0,20.9,1.52,Mumbai,94
2025-05-13,Tuesday,Jacket,P1098,Women,S,Red,917,30,361,1,1,28.8,0.63,Delhi,99
2025-05-14,Wednesday,Shirt,P1086,Women,L,Red,1611,0,315,0,0,30.5,0.23,Kolkata,91
2025-05-15,Thursday,Shirt,P1028,Unisex,L,Red,1841,10,422,0,0,21.8,0.07,Delhi,90
2025-05-16,Friday,T-shirt,P1068,Women,XL,Green,1977,30,442,0,0,30.1,0.28,Mumbai,107
2025-05-17,Saturday,T-shirt,P1025,Men,XL,Red,1654,10,108,0,0,31.1,0.9,Delhi,107
2025-05-18,Sunday,Jacket,P1016,Women,S,Black,1955,50,232,0,0,28.8,1.91,Bangalore,90
2025-05-19,Monday,Shirt,P1002,Men,L,Black,1190,40,478,0,0,26.0,0.22,Kolkata,94
2025-05-20,Tuesday,Shirt,P1097,Women,S,White,1520,30,66,1,0,33.7,0.11,Bangalore,104
2025-05-21,Wednesday,Shirt,P1020,Men,XL,Red,1101,10,206,0,0,25.9,0.6,Chennai,101
2025-05-22,Thursday,T-shirt,P1090,Unisex,L,Green,1424,50,320,0,0,25.1,0.53,Mumbai,110
2025-05-23,Friday,Jeans,P1062,Men,XL,Blue,1302,20,233,0,0,27.6,2.74,Delhi,102
2025-05-24,Saturday,Jeans,P1085,Men,L,Red,1819,40,105,0,0,28.0,2.21,Mumbai,112
2025-05-25,Sunday,Jeans,P1030,Unisex,M,Green,665,10,38,0,1,31.2,0.34,Bangalore,94
2025-05-26,Monday,T-shirt,P1008,Unisex,L,Blue,1151,0,84,1,0,28.0,0.06,Delhi,94
2025-05-27,Tuesday,Dress,P1046,Women,S,Green,1306,50,402,0,0,27.9,0.24,Kolkata,80
2025-05-28,Wednesday,Jeans,P1082,Men,M,White,1509,10,475,0,0,23.3,1.48,Chennai,106
2025-05-29,Thursday,Jacket,P1065,Women,XL,Red,385,0,276,0,0,32.6,0.78,Chennai,107
2025-05-30,Friday,Jacket,P1020,Men,L,Black,1257,10,497,0,0,30.7,0.18,Kolkata,86
2025-05-31,Saturday,T-shirt,P1068,Unisex,M,Black,953,20,98,0,0,31.2,0.1,Bangalore,101
2025-06-01,Sunday,Jeans,P1076,Women,S,Blue,1143,40,242,0,0,28.3,1.62,Delhi,91
2025-06-02,Monday,Jeans,P1010,Men,S,Black,920,50,162,0,1,28.7,0.2,Mumbai,94
2025-06-03,Tuesday,Jeans,P1088,Women,S,Red,718,20,286,0,0,34.9,1.74,Mumbai,102
2025-06-04,Wednesday,Shirt,P1075,Unisex,XL,Red,618,40,285,0,0,19.9,0.62,Kolkata,101
2025-06-05,Thursday,Shirt,P1091,Unisex,XL,White,1583,0,290,0,0,32.6,0.17,Mumbai,119
2025-06-06,Friday,T-shirt,P1082,Women,L,Blue,609,20,148,0,0,40.0,0.19,Kolkata,107
2025-06-07,Saturday,Shirt,P1037,Unisex,M,Green,677,0,79,0,0,31.7,0.77,Bangalore,81
2025-06-08,Sunday,Jacket,P1080,Men,M,Red,1351,40,306,0,0,19.4,0.17,Bangalore,103
2025-06-09,Monday,Shirt,P1008,Men,M,Blue,413,0,274,0,0,32.0,0.07,Bangalore,104
2025-06-10,Tuesday,T-shirt,P1046,Men,L,White,1016,0,307,0,0,22.4,0.03,Chennai,101
2025-06-11,Wednesday,Jacket,P1034,Unisex,M,Green,1683,30,140,0,0,27.6,3.24,Bangalore,98
2025-06-12,Thursday,Jeans,P1004,Women,L,Black,715,20,366,0,0,29.2,0.34,Bangalore,100
2025-06-13,Friday,Jeans,P1062,Men,S,Green,1742,30,339,0,0,36.4,0.56,Delhi,98
2025-06-14,Saturday,Shirt,P1083,Men,S,Red,339,40,154,0,0,32.9,0.5,Bangalore,85
2025-06-15,Sunday,Jacket,P1072,Women,M,Blue,1798,0,20,0,0,30.3,0.25,Kolkata,104
2025-06-16,Monday,Jeans,P1005,Men,XL,Green,1435,30,325,0,0,29.1,1.89,Kolkata,119
2025-06-17,Tuesday,T-shirt,P1057,Women,XL,White,1709,0,380,0,0,36.7,0.13,Chennai,97
2025-06-18,Wednesday,Shirt,P1010,Unisex,S,Blue,1665,40,452,0,0,26.6,2.07,Delhi,86
2025-06-19,Thursday,T-shirt,P1049,Unisex,XL,Red,1703,40,363,0,0,28.6,0.66,Kolkata,103
2025-06-20,Friday,T-shirt,P1017,Unisex,XL,Red,1076,10,314,0,0,34.8,0.11,Kolkata,87
2025-06-21,Saturday,T-shirt,P1002,Women,XL,Red,490,20,487,0,0,31.1,0.09,Bangalore,112
2025-06-22,Sunday,Dress,P1021,Women,L,Black,333,20,66,0,0,20.2,0.37,Delhi,112
2025-06-23,Monday,Jacket,P1063,Unisex,M,White,1382,20,297,0,0,21.9,0.3,Mumbai,98
2025-06-24,Tuesday,Jeans,P1083,Men,L,Green,1219,0,271,0,0,25.5,1.78,Chennai,101
2025-06-25,Wednesday,Dress,P1038,Women,XL,Red,697,40,164,1,0,26.9,0.51,Bangalore,111
2025-06-26,Thursday,Dress,P1044,Women,M,Black,1056,0,190,0,0,35.4,2.9,Delhi,86
2025-06-27,Friday,Dress,P1028,Unisex,L,White,730,10,147,0,0,30.2,1.19,Mumbai,110
2025-06-28,Saturday,T-shirt,P1053,Men,L,Red,783,20,363,0,0,31.5,0.21,Bangalore,100
2025-06-29,Sunday,T-shirt,P1048,Unisex,M,White,961,50,306,0,0,30.9,0.29,Bangalore,99
2025-06-30,Monday,T-shirt,P1041,Unisex,M,Blue,1928,0,144,0,0,39.5,0.09,Delhi,94
2025-07-01,Tuesday,T-shirt,P1005,Men,M,White,863,50,165,0,0,24.1,0.96,Bangalore,112
2025-07-02,Wednesday,Shirt,P1085,Women,S,Black,1581,40,80,0,0,36.3,0.15,Bangalore,89
2025-07-03,Thursday,Shirt,P1029,Men,S,Green,610,40,322,0,0,29.3,0.31,Kolkata,97
2025-07-04,Friday,T-shirt,P1027,Men,XL,Blue,1707,50,315,0,0,31.5,0.44,Bangalore,93
2025-07-05,Saturday,T-shirt,P1011,Women,XL,Red,1475,20,107,0,0,29.6,1.41,Chennai,94
2025-07-06,Sunday,Shirt,P1023,Men,S,White,1615,50,335,0,0,18.4,0.52,Delhi,88
2025-07-07,Monday,Shirt,P1043,Women,S,Red,914,30,320,0,0,29.6,0.93,Chennai,91
2025-07-08,Tuesday,Jacket,P1040,Men,XL,Red,400,30,142,0,0,25.7,0.6,Mumbai,94
2025-07-09,Wednesday,Dress,P1052,Unisex,XL,Red,1930,10,221,1,0,28.5,1.48,Chennai,109
2025-07-10,Thursday,Jeans,P1087,Men,XL,Blue,881,40,488,1,1,32.7,0.94,Kolkata,95
2025-07-11,Friday,Jeans,P1001,Men,L,Red,495,30,279,0,0,25.9,0.86,Delhi,123
2025-07-12,Saturday,Shirt,P1097,Unisex,XL,Green,1508,30,192,0,0,33.3,0.04,Bangalore,100
2025-07-13,Sunday,Shirt,P1052,Men,XL,Black,1259,40,218,0,0,29.9,2.71,Delhi,87
2025-07-14,Monday,Jacket,P1076,Men,M,Black,1466,10,116,0,0,25.4,0.4,Mumbai,90
2025-07-15,Tuesday,Dress,P1025,Women,S,Blue,456,0,295,0,0,35.6,0.95,Kolkata,89
2025-07-16,Wednesday,Jeans,P1068,Unisex,M,Red,1216,0,143,0,0,24.2,1.46,Mumbai,101
2025-07-17,Thursday,Dress,P1055,Women,L,Red,652,20,301,0,0,24.2,1.66,Chennai,84
2025-07-18,Friday,Jacket,P1020,Men,M,White,1088,40,163,0,0,25.0,0.94,Chennai,111
2025-07-19,Saturday,Dress,P1071,Unisex,L,Black,1598,30,169,0,0,33.3,1.19,Bangalore,99
2025-07-20,Sunday,Jeans,P1007,Men,XL,Blue,423,10,107,1,1,34.7,1.11,Bangalore,96
2025-07-21,Monday,Shirt,P1018,Women,S,Green,1617,30,136,0,0,40.9,1.87,Delhi,114
2025-07-22,Tuesday,Dress,P1018,Men,XL,Black,1654,50,331,0,0,24.6,1.28,Kolkata,91
2025-07-23,Wednesday,Jeans,P1054,Men,XL,Red,1883,20,211,0,0,34.0,2.04,Delhi,123
2025-07-24,Thursday,T-shirt,P1026,Men,L,Black,732,0,231,0,0,30.0,0.33,Chennai,113
2025-07-25,Friday,Jacket,P1076,Women,M,Blue,1311,10,241,0,0,29.8,0.15,Chennai,96
2025-07-26,Saturday,Jeans,P1092,Women,M,Green,667,0,487,0,0,28.1,1.41,Bangalore,102
2025-07-27,Sunday,Jacket,P1064,Men,L,Blue,509,50,88,0,0,31.3,0.82,Bangalore,110
2025-07-28,Monday,Shirt,P1069,Men,L,Red,839,40,68,0,0,24.4,0.11,Kolkata,98
2025-07-29,Tuesday,Jeans,P1098,Unisex,M,White,1715,50,28,0,0,33.0,0.6,Delhi,96
2025-07-30,Wednesday,Dress,P1007,Men,XL,Green,1005,50,69,0,0,28.8,1.44,Mumbai,113
2025-07-31,Thursday,Shirt,P1018,Women,S,Green,664,20,159,0,0,38.6,1.34,Chennai,101
2025-08-01,Friday,Jacket,P1029,Women,S,Blue,1600,40,455,0,0,32.1,0.08,Delhi,97
2025-08-02,Saturday,T-shirt,P1060,Men,XL,Red,554,30,184,1,0,34.5,1.27,Kolkata,84
2025-08-03,Sunday,Shirt,P1009,Unisex,L,White,1433,50,255,1,0,33.2,0.59,Mumbai,94
2025-08-04,Monday,Jeans,P1037,Men,XL,Black,1076,0,148,0,0,17.4,0.41,Mumbai,124
2025-08-05,Tuesday,Dress,P1068,Men,XL,Green,714,30,425,0,0,32.4,6.04,Delhi,104
2025-08-06,Wednesday,Jeans,P1073,Women,S,White,1125,50,327,0,0,37.9,0.69,Mumbai,93
2025-08-07,Thursday,Shirt,P1004,Women,XL,White,1526,30,193,0,0,30.3,0.4,Kolkata,110
2025-08-08,Friday,Shirt,P1035,Unisex,L,Black,908,10,102,0,0,34.5,0.85,Kolkata,92
2025-08-09,Saturday,Dress,P1049,Women,S,Red,1916,10,425,1,0,37.4,1.9,Kolkata,102
2025-08-10,Sunday,T-shirt,P1083,Unisex,S,Black,1722,20,25,1,0,36.6,0.76,Delhi,92
2025-08-11,Monday,Jacket,P1090,Women,XL,Black,645,30,34,0,0,33.5,0.47,Kolkata,97
2025-08-12,Tuesday,T-shirt,P1033,Unisex,M,Black,905,30,44,0,0,32.4,0.51,Chennai,101
2025-08-13,Wednesday,Shirt,P1000,Men,L,Red,791,20,489,0,0,38.5,0.36,Mumbai,89
2025-08-14,Thursday,Jacket,P1050,Unisex,L,White,318,0,178,0,0,35.3,0.7,Bangalore,105
2025-08-15,Friday,Jacket,P1094,Women,L,Black,305,10,90,0,1,29.3,0.29,Kolkata,98
2025-08-16,Saturday,Jeans,P1094,Men,XL,Red,605,30,325,0,1,27.1,0.8,Kolkata,101
2025-08-17,Sunday,Jeans,P1086,Women,S,Red,1833,40,83,0,0,26.1,4.78,Mumbai,74
2025-08-18,Monday,Jacket,P1086,Men,L,White,319,30,261,0,0,28.1,0.05,Kolkata,102
2025-08-19,Tuesday,Jacket,P1083,Men,XL,Red,700,20,342,0,0,21.4,1.65,Chennai,82
2025-08-20,Wednesday,Dress,P1034,Women,S,Black,517,20,277,0,0,25.3,2.84,Chennai,101
2025-08-21,Thursday,Shirt,P1068,Unisex,XL,White,1111,40,195,0,0,27.1,0.58,Delhi,89
2025-08-22,Friday,Jeans,P1022,Unisex,XL,Black,1256,50,197,0,0,27.1,1.29,Mumbai,104
2025-08-23,Saturday,Dress,P1027,Women,S,Green,1492,30,479,0,0,26.8,0.63,Delhi,98
2025-08-24,Sunday,Jeans,P1052,Men,L,White,1824,40,182,0,1,28.9,0.66,Chennai,103
2025-08-25,Monday,Dress,P1088,Women,M,Black,1241,20,422,0,0,37.5,0.11,Chennai,100
2025-08-26,Tuesday,Dress,P1029,Women,M,Blue,1194,40,82,0,0,29.6,0.29,Mumbai,96
2025-08-27,Wednesday,Shirt,P1037,Men,L,Blue,503,50,54,0,0,28.5,0.36,Delhi,106
2025-08-28,Thursday,Shirt,P1028,Women,L,White,1502,30,380,1,0,36.4,0.2,Mumbai,97
2025-08-29,Friday,Jacket,P1032,Unisex,S,Green,308,20,477,0,0,35.7,0.15,Delhi,98
2025-08-30,Saturday,Jacket,P1035,Men,XL,Black,1629,0,147,0,0,23.3,0.46,Kolkata,118
2025-08-31,Sunday,T-shirt,P1085,Women,XL,White,1688,50,259,0,1,34.3,0.8,Delhi,100
2025-09-01,Monday,T-shirt,P1020,Women,XL,Green,628,20,190,0,0,36.4,0.01,Kolkata,97
2025-09-02,Tuesday,Jacket,P1020,Unisex,L,Green,1732,30,474,1,0,29.6,1.4,Delhi,117
2025-09-03,Wednesday,T-shirt,P1014,Women,S,Black,800,10,253,0,0,33.3,1.82,Kolkata,120
2025-09-04,Thursday,Dress,P1063,Unisex,L,White,988,50,240,0,0,29.6,0.29,Kolkata,113
2025-09-05,Friday,T-shirt,P1095,Men,M,White,1987,50,252,0,0,22.9,0.41,Chennai,89
2025-09-06,Saturday,Dress,P1061,Women,M,Green,819,30,367,0,0,32.1,0.65,Delhi,112
2025-09-07,Sunday,T-shirt,P1016,Men,S,Red,977,0,94,0,0,38.0,0.34,Chennai,85
2025-09-08,Monday,T-shirt,P1071,Unisex,S,White,1549,30,213,0,0,29.2,0.86,Mumbai,105
2025-09-09,Tuesday,T-shirt,P1030,Women,S,Black,1806,40,371,0,0,32.8,1.53,Bangalore,124
2025-09-10,Wednesday,Jeans,P1055,Women,L,White,1331,10,323,0,0,24.7,0.2,Delhi,108
2025-09-11,Thursday,Jacket,P1067,Men,L,Blue,903,50,413,1,0,35.1,1.89,Bangalore,114
2025-09-12,Friday,Dress,P1064,Unisex,L,White,1369,40,244,0,0,41.7,2.12,Delhi,93
2025-09-13,Saturday,T-shirt,P1088,Women,L,Black,1514,50,35,1,0,27.5,0.25,Chennai,111
2025-09-14,Sunday,T-shirt,P1073,Unisex,L,Black,1115,40,262,0,1,31.7,1.17,Kolkata,111
2025-09-15,Monday,Shirt,P1046,Women,L,Blue,856,10,195,0,0,25.8,0.4,Kolkata,95
2025-09-16,Tuesday,Dress,P1000,Women,L,Red,440,40,23,0,0,24.2,0.32,Delhi,93
2025-09-17,Wednesday,Jeans,P1081,Men,XL,White,970,30,27,0,0,30.1,0.99,Kolkata,129
2025-09-18,Thursday,T-shirt,P1056,Men,M,Blue,504,0,336,0,0,35.6,0.21,Bangalore,90
2025-09-19,Friday,Jacket,P1041,Men,L,Red,1586,10,94,0,0,36.9,0.97,Delhi,88
2025-09-20,Saturday,Jeans,P1013,Men,S,Black,1569,10,430,0,0,26.4,0.3,Chennai,109
2025-09-21,Sunday,Shirt,P1084,Men,S,Black,1472,30,484,1,0,25.4,0.09,Chennai,93
2025-09-22,Monday,Shirt,P1055,Unisex,XL,Green,1357,40,456,0,0,29.4,2.73,Bangalore,110
2025-09-23,Tuesday,Shirt,P1045,Men,M,Red,1117,30,115,0,0,21.2,0.3,Bangalore,96
2025-09-24,Wednesday,T-shirt,P1020,Women,M,Blue,395,50,284,1,0,34.8,1.1,Chennai,99
2025-09-25,Thursday,Dress,P1042,Men,S,White,313,30,465,1,0,25.5,0.52,Mumbai,115
2025-09-26,Friday,Jeans,P1092,Men,M,White,1637,30,14,0,0,30.1,1.19,Kolkata,79
2025-09-27,Saturday,Shirt,P1072,Unisex,M,Blue,730,10,104,0,0,32.5,0.01,Mumbai,114
2025-09-28,Sunday,Dress,P1087,Women,XL,White,808,50,28,0,0,32.7,2.08,Chennai,94
2025-09-29,Monday,Jeans,P1053,Unisex,XL,Red,1616,50,156,1,0,34.3,0.65,Mumbai,97
2025-09-30,Tuesday,Jacket,P1008,Unisex,S,Blue,1573,40,220,0,0,27.2,1.4,Kolkata,108
2025-10-01,Wednesday,T-shirt,P1022,Unisex,M,White,942,20,146,0,0,28.8,2.42,Kolkata,106
2025-10-02,Thursday,T-shirt,P1041,Men,S,Red,1538,30,99,0,1,30.2,0.65,Kolkata,105
2025-10-03,Friday,Dress,P1018,Women,M,Green,1392,0,404,0,1,42.9,1.55,Delhi,85
2025-10-04,Saturday,Jeans,P1041,Women,S,Black,1086,20,57,0,0,34.1,0.65,Kolkata,90
2025-10-05,Sunday,Jacket,P1069,Men,XL,Green,1709,0,412,1,0,34.6,3.09,Kolkata,85
2025-10-06,Monday,Jeans,P1011,Men,XL,White,799,0,101,0,0,24.3,2.47,Chennai,107
2025-10-07,Tuesday,T-shirt,P1069,Unisex,L,White,1369,10,448,0,0,21.7,1.44,Mumbai,87
2025-10-08,Wednesday,T-shirt,P1047,Men,M,Black,598,10,173,0,1,27.7,0.24,Delhi,105
2025-10-09,Thursday,Jacket,P1027,Unisex,L,Green,1442,10,211,0,0,24.6,0.31,Kolkata,111
2025-10-10,Friday,Jeans,P1049,Women,S,Red,654,30,198,0,0,31.2,1.82,Delhi,105
2025-10-11,Saturday,Jacket,P1092,Men,S,Green,1355,20,273,0,0,28.2,0.24,Chennai,110
2025-10-12,Sunday,Jacket,P1092,Unisex,S,Blue,1145,40,264,0,0,35.0,0.96,Bangalore,108
2025-10-13,Monday,Jeans,P1035,Women,XL,Green,1717,50,157,0,0,31.0,0.58,Kolkata,117
2025-10-14,Tuesday,Jacket,P1058,Unisex,S,Blue,822,20,387,0,0,27.1,0.51,Kolkata,110
2025-10-15,Wednesday,Shirt,P1023,Men,L,Blue,792,0,337,0,0,18.1,0.94,Mumbai,108
2025-10-16,Thursday,T-shirt,P1072,Women,XL,Red,1668,10,21,0,0,26.7,0.27,Chennai,101
2025-10-17,Friday,Jeans,P1035,Unisex,XL,Green,557,0,196,0,0,28.1,1.12,Mumbai,97
2025-10-18,Saturday,T-shirt,P1088,Women,S,Blue,1918,30,297,0,0,26.9,1.12,Bangalore,97
2025-10-19,Sunday,Jacket,P1029,Women,S,White,525,20,87,0,0,25.6,3.45,Kolkata,82
2025-10-20,Monday,T-shirt,P1041,Women,L,Green,500,10,110,0,0,32.0,0.57,Kolkata,109
2025-10-21,Tuesday,Dress,P1088,Men,L,Black,1987,20,34,0,0,32.8,0.08,Delhi,112
2025-10-22,Wednesday,T-shirt,P1077,Unisex,S,White,1039,20,57,0,0,31.2,0.58,Delhi,104
2025-10-23,Thursday,Dress,P1059,Men,L,White,1118,0,491,0,0,22.7,3.0,Chennai,113
2025-10-24,Friday,T-shirt,P1034,Men,L,Green,1932,10,427,0,0,22.3,0.76,Delhi,103
2025-10-25,Saturday,Jacket,P1027,Unisex,L,Blue,1866,50,102,0,0,27.8,0.08,Delhi,86
2025-10-26,Sunday,Jacket,P1011,Men,M,White,1360,30,172,0,1,25.8,0.8,Kolkata,93
2025-10-27,Monday,Jeans,P1066,Women,XL,Green,1477,10,169,0,1,32.8,0.48,Delhi,95
2025-10-28,Tuesday,T-shirt,P1008,Unisex,S,Blue,1657,50,166,1,0,44.2,2.99,Bangalore,104
2025-10-29,Wednesday,Dress,P1044,Men,S,Black,1410,0,301,0,0,22.9,1.23,Bangalore,94
2025-10-30,Thursday,Jacket,P1091,Men,L,White,1981,30,267,0,0,22.6,0.04,Chennai,115
2025-10-31,Friday,Shirt,P1006,Women,L,Red,969,20,393,1,0,30.1,0.31,Kolkata,107
2025-11-01,Saturday,Dress,P1024,Unisex,XL,Black,1969,10,292,0,0,27.1,0.2,Delhi,105
2025-11-02,Sunday,Jacket,P1062,Women,S,Blue,1297,10,415,0,0,30.1,2.48,Mumbai,103
2025-11-03,Monday,Jacket,P1039,Women,M,Black,997,0,136,1,1,23.1,0.4,Delhi,110
2025-11-04,Tuesday,Shirt,P1094,Women,S,Red,930,10,249,0,1,23.5,3.67,Bangalore,126
2025-11-05,Wednesday,Jeans,P1055,Men,M,Green,777,40,296,0,0,25.6,0.18,Mumbai,104
2025-11-06,Thursday,Jeans,P1039,Women,L,Red,1234,30,101,0,0,36.4,1.75,Bangalore,103
2025-11-07,Friday,Shirt,P1006,Men,L,Blue,1947,40,221,1,0,41.4,0.36,Delhi,110
2025-11-08,Saturday,Dress,P1056,Unisex,XL,Red,641,20,323,1,0,19.8,0.2,Delhi,94
2025-11-09,Sunday,Shirt,P1021,Unisex,S,Blue,937,10,396,0,1,24.3,0.81,Chennai,118
2025-11-10,Monday,Jeans,P1017,Men,L,White,1246,50,82,1,0,31.5,0.76,Kolkata,98
2025-11-11,Tuesday,Shirt,P1095,Women,S,Green,770,10,272,0,0,39.9,0.65,Delhi,114
2025-11-12,Wednesday,Shirt,P1020,Unisex,M,Blue,1445,40,462,0,1,33.8,3.67,Mumbai,114
2025-11-13,Thursday,T-shirt,P1086,Men,L,White,521,30,187,0,0,24.7,1.35,Chennai,97
2025-11-14,Friday,T-shirt,P1080,Unisex,L,Red,1848,50,410,0,0,30.9,0.44,Kolkata,92
2025-11-15,Saturday,Shirt,P1088,Women,XL,Black,1357,10,248,0,0,37.1,0.08,Mumbai,107
2025-11-16,Sunday,Jacket,P1041,Women,S,White,1169,20,173,0,0,34.0,0.55,Delhi,101
2025-11-17,Monday,Jacket,P1026,Men,M,Green,1025,40,144,0,0,25.1,0.05,Mumbai,108
2025-11-18,Tuesday,Dress,P1017,Men,M,Blue,1561,40,130,0,0,30.7,1.12,Kolkata,86
2025-11-19,Wednesday,T-shirt,P1078,Men,M,Black,427,0,36,0,0,14.8,0.89,Kolkata,109
2025-11-20,Thursday,T-shirt,P1077,Women,XL,Black,1978,10,91,0,1,35.4,1.72,Delhi,104
2025-11-21,Friday,T-shirt,P1052,Men,L,Black,1454,10,487,0,0,30.1,0.26,Kolkata,124
2025-11-22,Saturday,Dress,P1021,Women,L,Black,645,0,52,0,0,30.4,0.23,Bangalore,100
2025-11-23,Sunday,Jacket,P1068,Women,XL,Black,1548,50,177,0,0,27.2,3.35,Chennai,107
2025-11-24,Monday,T-shirt,P1025,Unisex,XL,Black,1989,10,161,0,0,21.4,2.09,Mumbai,76
2025-11-25,Tuesday,Shirt,P1004,Women,L,Green,1856,30,347,0,0,35.6,0.18,Mumbai,93
2025-11-26,Wednesday,Jacket,P1072,Women,L,Green,385,50,255,0,0,34.3,3.81,Chennai,86
2025-11-27,Thursday,Shirt,P1025,Men,M,Green,1340,40,15,0,0,29.5,0.24,Chennai,97
2025-11-28,Friday,T-shirt,P1088,Unisex,L,Red,756,50,363,0,0,26.8,1.9,Kolkata,89
2025-11-29,Saturday,T-shirt,P1049,Unisex,XL,Green,934,0,267,0,0,35.6,2.95,Kolkata,74
2025-11-30,Sunday,Shirt,P1086,Unisex,S,Black,532,40,470,0,0,27.5,0.29,Delhi,91
2025-12-01,Monday,T-shirt,P1031,Women,M,Red,1418,10,485,0,0,31.0,0.45,Kolkata,99
2025-12-02,Tuesday,Jacket,P1003,Men,L,White,423,40,35,0,0,24.5,0.82,Delhi,91
2025-12-03,Wednesday,Jeans,P1089,Men,L,Blue,591,40,347,0,0,38.6,0.26,Chennai,101
2025-12-04,Thursday,Jacket,P1044,Men,L,Black,300,20,30,0,0,37.3,0.76,Delhi,92
2025-12-05,Friday,T-shirt,P1083,Unisex,L,Blue,613,0,337,0,0,36.0,3.43,Kolkata,97
2025-12-06,Saturday,Shirt,P1038,Men,S,Red,1516,30,180,0,0,36.7,0.16,Mumbai,89
2025-12-07,Sunday,Dress,P1047,Men,S,Blue,1610,30,194,0,0,30.7,3.07,Chennai,108
2025-12-08,Monday,Dress,P1064,Women,XL,White,1546,20,56,0,0,30.5,0.1,Chennai,85
2025-12-09,Tuesday,Dress,P1028,Men,XL,White,1245,10,332,0,0,31.5,0.23,Kolkata,111
2025-12-10,Wednesday,Jeans,P1001,Men,S,White,567,20,466,0,0,28.3,0.09,Mumbai,98
2025-12-11,Thursday,T-shirt,P1031,Men,XL,Red,1470,0,203,1,0,32.0,0.28,Delhi,89
2025-12-12,Friday,T-shirt,P1050,Women,L,Red,610,40,158,0,1,26.7,0.79,Bangalore,105
2025-12-13,Saturday,Jacket,P1007,Men,S,White,1721,50,378,0,0,21.6,0.38,Delhi,108
2025-12-14,Sunday,Shirt,P1080,Women,L,Blue,815,10,392,0,0,30.1,0.33,Delhi,92
2025-12-15,Monday,Dress,P1035,Women,XL,White,1430,30,355,0,0,32.7,1.25,Kolkata,102
2025-12-16,Tuesday,Jeans,P1086,Men,S,Blue,1691,40,310,1,1,29.7,0.83,Delhi,113
2025-12-17,Wednesday,Dress,P1011,Women,L,White,1838,50,231,0,0,25.3,1.18,Chennai,100
2025-12-18,Thursday,T-shirt,P1015,Men,L,Red,1562,0,256,1,0,30.2,0.5,Kolkata,91
2025-12-19,Friday,T-shirt,P1018,Women,L,White,636,50,329,0,0,29.5,0.88,Kolkata,109
2025-12-20,Saturday,Shirt,P1059,Men,M,Red,618,30,347,0,0,27.4,0.64,Delhi,84
2025-12-21,Sunday,Dress,P1048,Women,XL,Green,484,30,75,0,0,25.2,0.24,Chennai,103
2025-12-22,Monday,T-shirt,P1002,Women,S,Green,1984,30,319,0,0,33.9,0.58,Bangalore,115
2025-12-23,Tuesday,Dress,P1092,Women,L,Blue,806,30,104,1,1,28.1,0.2,Mumbai,101
2025-12-24,Wednesday,Jacket,P1042,Unisex,S,Red,1422,20,255,0,0,27.1,1.22,Kolkata,115
2025-12-25,Thursday,Jacket,P1082,Women,L,Black,1291,20,353,0,0,29.0,2.1,Mumbai,97
2025-12-26,Friday,Shirt,P1094,Unisex,M,White,1142,0,40,0,0,30.7,1.86,Delhi,95
2025-12-27,Saturday,Shirt,P1076,Unisex,XL,Blue,648,30,207,0,0,29.2,0.01,Kolkata,127
2025-12-28,Sunday,Dress,P1056,Men,M,Blue,777,30,367,0,1,30.4,1.89,Mumbai,94
2025-12-29,Monday,Shirt,P1093,Men,S,Green,1762,20,479,0,0,31.5,0.96,Chennai,72
2025-12-30,Tuesday,Shirt,P1003,Unisex,XL,Red,1824,10,435,0,0,27.0,0.05,Delhi,98
2025-12-31,Wednesday,T-shirt,P1017,Women,XL,Blue,634,0,233,0,0,34.2,1.92,Bangalore,120
2026-01-01,Thursday,T-shirt,P1073,Men,M,Green,991,10,133,0,0,25.0,0.19,Delhi,101
2026-01-02,Friday,Shirt,P1019,Men,XL,Black,1764,0,399,0,0,28.4,0.13,Chennai,110
2026-01-03,Saturday,Jeans,P1031,Unisex,XL,Red,1678,40,259,0,0,32.3,0.27,Delhi,114
2026-01-04,Sunday,Shirt,P1048,Women,M,Red,452,10,285,0,0,24.6,0.62,Kolkata,104
2026-01-05,Monday,Jeans,P1043,Men,L,Red,1027,50,191,0,0,27.4,4.21,Chennai,91
2026-01-06,Tuesday,Jeans,P1088,Men,L,White,1940,20,168,0,0,28.2,0.89,Kolkata,101
2026-01-07,Wednesday,T-shirt,P1007,Women,M,Green,1490,50,269,0,0,36.0,0.45,Bangalore,89
2026-01-08,Thursday,Shirt,P1057,Men,XL,Blue,726,40,286,1,0,39.7,2.27,Mumbai,112
2026-01-09,Friday,Shirt,P1066,Women,L,Red,642,40,142,0,0,32.0,3.76,Kolkata,99
2026-01-10,Saturday,T-shirt,P1014,Men,M,Red,1215,0,288,0,0,33.4,0.04,Delhi,97
2026-01-11,Sunday,Shirt,P1028,Women,XL,Green,479,20,49,0,0,31.1,2.24,Kolkata,106
2026-01-12,Monday,T-shirt,P1079,Women,M,Black,1960,20,494,1,1,23.2,1.67,Mumbai,94
2026-01-13,Tuesday,T-shirt,P1069,Women,XL,Black,1897,40,441,0,0,30.8,4.69,Chennai,86
2026-01-14,Wednesday,Shirt,P1040,Unisex,M,Black,603,30,428,0,0,32.0,0.67,Bangalore,76
2026-01-15,Thursday,Shirt,P1021,Men,S,Blue,1337,30,205,0,0,25.3,0.96,Mumbai,93
2026-01-16,Friday,Shirt,P1035,Women,S,Red,699,30,187,0,0,34.7,1.94,Bangalore,88
2026-01-17,Saturday,Jacket,P1076,Women,M,White,755,0,404,0,0,26.8,0.26,Kolkata,116
2026-01-18,Sunday,T-shirt,P1071,Women,M,Blue,1004,10,358,0,0,35.6,0.25,Bangalore,101
2026-01-19,Monday,Shirt,P1069,Men,L,White,1635,40,409,1,0,25.8,0.42,Chennai,100
2026-01-20,Tuesday,Shirt,P1043,Men,S,Red,960,0,202,0,0,35.2,0.83,Delhi,112
2026-01-21,Wednesday,Dress,P1079,Unisex,S,White,671,30,74,0,0,27.1,0.76,Kolkata,111
2026-01-22,Thursday,Jacket,P1083,Men,L,Blue,1566,0,426,0,0,26.7,0.14,Bangalore,99
2026-01-23,Friday,T-shirt,P1071,Women,M,Green,1002,40,168,0,0,32.8,1.57,Chennai,104
2026-01-24,Saturday,T-shirt,P1078,Women,L,Green,1017,30,237,0,0,25.1,0.79,Mumbai,123
2026-01-25,Sunday,Dress,P1085,Women,S,Black,642,40,69,0,0,30.4,0.12,Kolkata,102
2026-01-26,Monday,Dress,P1007,Men,S,Black,1126,40,324,0,0,30.1,0.32,Chennai,88
2026-01-27,Tuesday,Dress,P1055,Women,L,White,1128,20,251,1,0,27.0,0.96,Kolkata,86
2026-01-28,Wednesday,Jacket,P1060,Women,M,Red,1735,50,109,0,0,34.8,0.8,Bangalore,97
2026-01-29,Thursday,Dress,P1064,Women,S,Blue,1550,0,333,0,0,25.9,0.85,Mumbai,104
2026-01-30,Friday,Jacket,P1071,Unisex,S,Red,1743,50,126,0,1,23.3,0.71,Chennai,103
2026-01-31,Saturday,T-shirt,P1066,Women,L,Blue,911,40,222,0,0,30.5,1.4,Mumbai,92
2026-02-01,Sunday,Shirt,P1016,Men,L,Black,1415,50,468,0,0,35.0,0.85,Chennai,98
2026-02-02,Monday,Dress,P1033,Men,L,Blue,719,0,150,0,0,32.1,0.09,Bangalore,88
2026-02-03,Tuesday,Jeans,P1042,Women,M,Red,1218,10,362,0,0,27.7,1.55,Delhi,97
2026-02-04,Wednesday,Jacket,P1006,Unisex,M,Green,1287,20,461,0,0,29.7,0.06,Chennai,109
2026-02-05,Thursday,Dress,P1037,Unisex,S,Black,1196,40,469,0,0,33.0,0.13,Mumbai,99
2026-02-06,Friday,Jeans,P1073,Women,XL,Black,1486,30,366,0,0,20.4,0.2,Bangalore,106
2026-02-07,Saturday,T-shirt,P1068,Women,L,Green,1558,30,111,1,0,25.9,3.46,Mumbai,122
2026-02-08,Sunday,Jeans,P1090,Women,S,Black,1050,20,333,0,0,32.6,0.97,Mumbai,108
2026-02-09,Monday,Jacket,P1015,Unisex,L,White,1981,40,257,0,0,28.0,0.16,Mumbai,112
2026-02-10,Tuesday,Dress,P1068,Unisex,S,Red,544,10,99,0,0,34.3,1.27,Kolkata,100
2026-02-11,Wednesday,T-shirt,P1039,Men,M,Red,678,10,101,0,0,31.0,0.26,Bangalore,108
2026-02-12,Thursday,Shirt,P1096,Unisex,XL,Black,680,20,421,0,0,37.0,2.8,Delhi,87
2026-02-13,Friday,T-shirt,P1087,Women,XL,Black,776,50,267,0,0,30.4,0.01,Bangalore,87
2026-02-14,Saturday,Jacket,P1030,Men,XL,White,631,50,36,0,0,37.0,0.03,Kolkata,104
2026-02-15,Sunday,Jeans,P1013,Unisex,XL,White,314,40,100,0,0,25.9,0.16,Mumbai,103
2026-02-16,Monday,Shirt,P1046,Men,L,White,1354,10,42,0,0,34.8,0.16,Delhi,94
2026-02-17,Tuesday,Shirt,P1089,Women,S,Red,646,40,180,1,0,31.6,1.6,Chennai,92
2026-02-18,Wednesday,Shirt,P1047,Men,L,Green,1745,30,190,0,0,32.2,1.79,Mumbai,99
2026-02-19,Thursday,Dress,P1003,Unisex,L,Green,399,30,118,0,0,23.4,0.21,Delhi,107
2026-02-20,Friday,T-shirt,P1039,Men,M,Green,457,20,124,0,0,26.8,0.24,Delhi,112
2026-02-21,Saturday,Dress,P1052,Women,XL,Blue,1098,10,350,0,0,26.7,0.18,Delhi,102
2026-02-22,Sunday,Jeans,P1043,Women,M,Black,1711,0,123,0,0,36.8,0.1,Chennai,95
2026-02-23,Monday,Shirt,P1062,Women,S,Red,1073,20,79,0,0,33.2,0.63,Chennai,93
2026-02-24,Tuesday,T-shirt,P1019,Unisex,L,Red,527,20,3,0,0,32.2,0.07,Delhi,115
2026-02-25,Wednesday,Shirt,P1046,Women,XL,Black,1157,20,60,0,0,25.5,0.0,Bangalore,130
2026-02-26,Thursday,Dress,P1099,Unisex,L,Red,374,10,407,0,0,43.6,0.18,Delhi,97
2026-02-27,Friday,Jacket,P1096,Men,M,Blue,1657,50,480,0,0,26.8,0.1,Kolkata,103
2026-02-28,Saturday,Shirt,P1073,Unisex,XL,Black,1479,0,178,0,0,31.0,0.39,Kolkata,107
2026-03-01,Sunday,Dress,P1016,Women,XL,Blue,541,10,299,0,0,36.6,0.37,Bangalore,91
2026-03-02,Monday,Dress,P1058,Women,M,Red,1580,50,171,0,0,37.8,0.07,Kolkata,101
2026-03-03,Tuesday,Shirt,P1043,Men,S,White,1847,10,453,0,0,33.3,0.25,Bangalore,92
2026-03-04,Wednesday,T-shirt,P1079,Unisex,L,Red,796,50,419,0,0,23.6,2.89,Chennai,113
2026-03-05,Thursday,T-shirt,P1043,Unisex,S,Blue,1914,20,307,0,0,28.2,1.57,Mumbai,104
2026-03-06,Friday,Jacket,P1059,Men,M,White,1105,50,76,1,0,29.4,0.43,Kolkata,92
2026-03-07,Saturday,Jacket,P1009,Unisex,M,Red,573,20,40,0,0,22.0,0.87,Kolkata,97
2026-03-08,Sunday,Jacket,P1004,Unisex,M,Black,1481,50,285,1,0,29.9,0.09,Mumbai,93
2026-03-09,Monday,Shirt,P1024,Women,M,Green,522,20,359,0,0,24.5,0.14,Delhi,103
2026-03-10,Tuesday,T-shirt,P1088,Unisex,S,Black,1415,30,447,0,0,28.9,0.99,Kolkata,108
2026-03-11,Wednesday,Shirt,P1048,Men,L,Blue,383,30,246,0,0,26.9,0.52,Delhi,109
2026-03-12,Thursday,Jeans,P1052,Women,XL,Red,1055,30,302,0,0,28.2,0.43,Delhi,98
2026-03-13,Friday,Jeans,P1068,Women,XL,Black,1477,10,82,0,0,25.3,0.54,Chennai,91
2026-03-14,Saturday,Jeans,P1094,Men,S,Black,1159,40,52,0,0,17.5,0.84,Kolkata,90
2026-03-15,Sunday,Jacket,P1049,Men,L,Black,1311,10,285,1,1,32.3,0.6,Kolkata,99
2026-03-16,Monday,Dress,P1046,Men,M,Black,1677,0,361,0,1,28.0,0.55,Chennai,97
2026-03-17,Tuesday,Shirt,P1022,Unisex,S,Red,1871,40,133,0,0,29.8,0.17,Delhi,127
2026-03-18,Wednesday,Dress,P1031,Men,S,Red,1744,40,266,0,0,31.2,0.9,Bangalore,100
2026-03-19,Thursday,Jacket,P1045,Women,L,Black,1611,0,1,0,0,32.9,0.04,Chennai,114
2026-03-20,Friday,T-shirt,P1065,Women,S,Red,507,0,26,1,0,30.3,1.81,Delhi,105
2026-03-21,Saturday,Shirt,P1055,Men,S,White,1248,30,101,0,0,37.9,0.01,Bangalore,118
2026-03-22,Sunday,Dress,P1077,Men,L,Red,1254,40,86,0,0,37.3,1.36,Mumbai,110
2026-03-23,Monday,Dress,P1070,Unisex,XL,White,1023,10,296,0,0,34.9,1.97,Chennai,127
2026-03-24,Tuesday,T-shirt,P1092,Men,L,White,1385,20,400,1,0,24.0,2.39,Mumbai,111
2026-03-25,Wednesday,Jeans,P1058,Unisex,XL,Green,713,30,451,0,0,31.5,0.25,Kolkata,92
2026-03-26,Thursday,T-shirt,P1045,Men,S,Red,1318,0,64,0,0,30.0,1.44,Delhi,108
2026-03-27,Friday,Shirt,P1085,Women,M,Blue,427,50,387,0,0,31.3,0.36,Mumbai,99
2026-03-28,Saturday,Shirt,P1072,Women,M,Red,1244,0,121,0,0,27.5,0.83,Delhi,93
2026-03-29,Sunday,Shirt,P1054,Women,XL,White,1885,10,47,0,0,31.2,1.52,Delhi,89
2026-03-30,Monday,T-shirt,P1002,Unisex,L,Black,487,10,448,1,0,38.4,0.64,Delhi,107
2026-03-31,Tuesday,T-shirt,P1049,Women,M,Black,1603,10,284,0,1,23.9,0.1,Kolkata,85
2026-04-01,Wednesday,Dress,P1025,Men,L,Black,338,50,140,0,0,32.7,0.06,Delhi,110
2026-04-02,Thursday,T-shirt,P1077,Women,M,Green,1679,0,391,0,0,34.4,0.31,Delhi,97
2026-04-03,Friday,Shirt,P1067,Women,L,Red,1813,40,392,0,0,34.4,1.04,Kolkata,98
2026-04-04,Saturday,Jeans,P1040,Unisex,M,White,692,30,152,0,0,31.5,0.96,Delhi,120
2026-04-05,Sunday,T-shirt,P1086,Unisex,XL,Green,1039,0,493,0,0,33.4,1.19,Delhi,96
2026-04-06,Monday,Jacket,P1032,Men,XL,Green,1599,40,362,1,0,36.1,0.51,Kolkata,96
2026-04-07,Tuesday,T-shirt,P1011,Men,S,Black,930,20,74,0,0,29.8,0.37,Kolkata,97
2026-04-08,Wednesday,Dress,P1052,Unisex,M,White,589,50,374,0,0,36.5,1.14,Bangalore,91
2026-04-09,Thursday,T-shirt,P1034,Men,XL,Blue,1810,50,93,0,0,21.5,0.53,Bangalore,115
2026-04-10,Friday,Shirt,P1095,Unisex,XL,Black,1027,40,198,0,0,30.6,0.04,Kolkata,103
2026-04-11,Saturday,T-shirt,P1047,Women,M,Red,649,30,438,1,1,26.6,0.23,Chennai,106
2026-04-12,Sunday,T-shirt,P1069,Unisex,L,White,1881,50,436,0,0,36.0,1.61,Mumbai,90
2026-04-13,Monday,Jeans,P1099,Women,L,Blue,1217,20,219,0,0,32.2,0.64,Bangalore,87
2026-04-14,Tuesday,Jacket,P1079,Men,L,Green,311,20,77,0,0,28.6,0.01,Delhi,100
2026-04-15,Wednesday,Shirt,P1077,Men,M,Green,665,50,326,0,0,35.0,0.36,Kolkata,95
2026-04-16,Thursday,Shirt,P1055,Unisex,L,Green,1118,50,179,0,0,28.5,1.82,Kolkata,118
2026-04-17,Friday,Jacket,P1011,Men,M,White,1336,10,420,0,0,37.0,0.1,Chennai,107
2026-04-18,Saturday,T-shirt,P1074,Men,M,Black,953,40,314,1,0,33.4,0.38,Kolkata,87
2026-04-19,Sunday,Jeans,P1078,Men,S,White,667,10,5,0,0,18.6,3.05,Chennai,85
2026-04-20,Monday,Dress,P1088,Women,XL,Blue,1585,40,481,0,0,24.7,1.1,Chennai,91
2026-04-21,Tuesday,Jacket,P1034,Men,L,Red,550,0,287,0,0,35.8,0.76,Bangalore,112
2026-04-22,Wednesday,Jacket,P1022,Men,M,White,655,40,356,0,0,28.0,1.7,Delhi,104
2026-04-23,Thursday,Jacket,P1022,Unisex,S,White,838,50,217,0,0,24.5,2.96,Chennai,98
2026-04-24,Friday,Dress,P1097,Men,L,White,381,30,279,0,0,38.4,0.16,Mumbai,113
2026-04-25,Saturday,T-shirt,P1052,Men,S,Blue,1380,30,461,0,0,30.1,0.52,Mumbai,123
2026-04-26,Sunday,Jacket,P1053,Women,M,Black,918,10,40,0,0,27.2,0.18,Mumbai,112
2026-04-27,Monday,Jacket,P1006,Unisex,L,White,879,40,452,0,0,31.0,0.07,Mumbai,95
2026-04-28,Tuesday,T-shirt,P1043,Women,L,White,318,30,108,0,1,30.1,1.79,Delhi,110
2026-04-29,Wednesday,Jacket,P1097,Men,S,Red,681,10,242,0,0,21.1,0.19,Kolkata,96
2026-04-30,Thursday,T-shirt,P1006,Men,L,Red,1203,30,343,0,0,31.6,1.53,Kolkata,93
2026-05-01,Friday,Jacket,P1046,Unisex,XL,Red,1705,50,259,0,0,34.5,2.07,Chennai,103
2026-05-02,Saturday,Jacket,P1086,Women,XL,White,797,30,231,1,0,29.4,1.09,Chennai,102
2026-05-03,Sunday,Shirt,P1026,Men,M,White,1496,50,170,0,0,22.5,1.19,Delhi,126
2026-05-04,Monday,T-shirt,P1041,Men,L,Black,608,0,358,0,0,36.2,0.93,Kolkata,91
2026-05-05,Tuesday,Dress,P1084,Unisex,S,Black,1890,50,26,1,1,28.7,0.84,Bangalore,106
2026-05-06,Wednesday,Shirt,P1027,Unisex,XL,Red,523,30,19,0,0,29.6,2.23,Mumbai,91
2026-05-07,Thursday,T-shirt,P1016,Men,L,Blue,1185,10,418,0,0,33.2,0.2,Chennai,102
2026-05-08,Friday,T-shirt,P1001,Men,M,Green,1944,10,427,1,0,15.0,1.11,Bangalore,108
2026-05-09,Saturday,Jacket,P1046,Unisex,S,Black,1505,40,362,0,1,33.0,0.36,Bangalore,90
2026-05-10,Sunday,Shirt,P1047,Unisex,L,Black,568,30,197,0,0,22.5,0.69,Delhi,103
2026-05-11,Monday,Jacket,P1020,Unisex,S,Blue,1218,40,73,0,0,35.7,0.88,Mumbai,122
2026-05-12,Tuesday,T-shirt,P1009,Women,M,Red,786,0,473,0,1,28.2,1.61,Chennai,87
2026-05-13,Wednesday,Jacket,P1084,Men,XL,Black,482,40,331,0,0,32.8,0.09,Mumbai,100
2026-05-14,Thursday,Jacket,P1045,Unisex,L,Red,774,0,30,0,0,27.6,0.03,Chennai,95
2026-05-15,Friday,Shirt,P1068,Women,L,Black,826,50,180,0,0,21.9,1.13,Kolkata,108
2026-05-16,Saturday,Jeans,P1000,Women,S,Green,1517,40,53,1,0,27.7,0.29,Bangalore,89
2026-05-17,Sunday,Shirt,P1016,Unisex,M,Blue,606,0,453,0,0,25.5,0.31,Delhi,100
2026-05-18,Monday,T-shirt,P1040,Women,M,Green,317,0,430,0,0,30.4,3.9,Delhi,105
2026-05-19,Tuesday,T-shirt,P1080,Women,L,Blue,1609,50,203,0,0,35.7,0.63,Delhi,93
2026-05-20,Wednesday,T-shirt,P1018,Men,M,Green,937,50,74,1,1,25.2,0.51,Bangalore,86
2026-05-21,Thursday,Dress,P1038,Unisex,L,Green,1436,10,146,0,0,26.1,2.24,Delhi,111
2026-05-22,Friday,Jacket,P1001,Unisex,L,Green,1380,20,252,0,0,34.5,0.55,Delhi,98
2026-05-23,Saturday,Shirt,P1010,Unisex,L,Green,621,30,479,0,0,32.4,1.02,Delhi,95
2026-05-24,Sunday,Dress,P1090,Men,S,Red,789,0,205,0,0,27.4,0.19,Bangalore,103
2026-05-25,Monday,Jacket,P1063,Unisex,S,Black,351,40,494,0,0,21.5,0.1,Bangalore,108
2026-05-26,Tuesday,Jeans,P1008,Unisex,M,Black,1342,20,105,0,0,36.9,0.91,Chennai,108
2026-05-27,Wednesday,Jacket,P1023,Women,S,White,935,50,219,1,0,28.2,1.04,Delhi,90
2026-05-28,Thursday,T-shirt,P1039,Women,M,Green,834,30,264,1,1,28.2,3.23,Bangalore,103
2026-05-29,Friday,Dress,P1056,Women,M,Black,558,0,12,0,0,12.0,0.05,Mumbai,101
2026-05-30,Saturday,T-shirt,P1085,Women,M,Black,1293,30,304,0,0,28.7,0.46,Mumbai,70
2026-05-31,Sunday,Jacket,P1077,Men,L,White,1979,40,232,1,0,34.9,1.63,Chennai,88
2026-06-01,Monday,Jeans,P1082,Men,XL,Blue,1981,20,192,0,1,30.4,0.02,Chennai,109
2026-06-02,Tuesday,Dress,P1029,Men,S,Blue,1257,50,158,0,0,43.0,0.32,Mumbai,100
2026-06-03,Wednesday,Jacket,P1026,Women,XL,Blue,1350,30,19,0,0,34.1,0.03,Mumbai,104
2026-06-04,Thursday,Shirt,P1007,Unisex,M,Green,1018,40,483,0,0,29.9,0.65,Delhi,110
2026-06-05,Friday,Dress,P1070,Women,XL,Red,1563,0,202,0,0,39.6,0.57,Mumbai,104
2026-06-06,Saturday,Jeans,P1094,Unisex,M,Red,1248,20,230,0,1,34.3,2.01,Kolkata,99
2026-06-07,Sunday,Shirt,P1099,Women,L,Black,972,10,365,1,0,25.8,0.08,Mumbai,110
2026-06-08,Monday,Dress,P1017,Women,L,Red,1520,10,90,0,0,39.9,1.25,Bangalore,107
2026-06-09,Tuesday,Jeans,P1009,Unisex,S,Black,391,40,103,1,0,28.4,0.17,Mumbai,82
2026-06-10,Wednesday,Jacket,P1070,Unisex,M,Blue,328,40,185,0,0,35.0,0.35,Delhi,85
2026-06-11,Thursday,Jeans,P1074,Women,M,White,506,10,428,0,0,36.1,0.22,Chennai,98
2026-06-12,Friday,Jeans,P1061,Women,S,Red,1384,50,227,0,0,39.1,0.17,Mumbai,104
2026-06-13,Saturday,Jeans,P1050,Women,S,Green,731,20,395,0,0,35.5,2.03,Chennai,104
2026-06-14,Sunday,Shirt,P1035,Women,S,Red,1994,50,271,0,0,32.4,0.06,Mumbai,87
2026-06-15,Monday,Jeans,P1050,Women,XL,Green,1469,40,476,1,0,33.4,2.62,Chennai,91
2026-06-16,Tuesday,T-shirt,P1015,Men,M,White,1666,0,426,1,1,40.4,0.76,Chennai,101
2026-06-17,Wednesday,T-shirt,P1003,Unisex,M,Blue,1388,30,242,0,0,34.2,0.26,Chennai,117
2026-06-18,Thursday,T-shirt,P1043,Women,XL,Black,453,50,376,0,0,27.3,0.67,Bangalore,109
2026-06-19,Friday,T-shirt,P1099,Unisex,S,White,866,40,432,0,0,33.4,0.73,Kolkata,95
2026-06-20,Saturday,Jeans,P1009,Women,M,Blue,623,20,347,0,0,35.5,1.27,Delhi,104
2026-06-21,Sunday,Jacket,P1006,Unisex,XL,Black,1639,40,210,0,0,33.0,1.37,Delhi,105
2026-06-22,Monday,Jeans,P1000,Unisex,S,Green,470,40,146,0,0,33.4,0.74,Delhi,118
2026-06-23,Tuesday,Jacket,P1067,Women,XL,White,311,0,6,0,0,27.3,0.68,Delhi,86
2026-06-24,Wednesday,T-shirt,P1003,Unisex,XL,Green,1954,10,261,0,0,33.4,0.15,Delhi,88
2026-06-25,Thursday,Dress,P1058,Women,M,Black,1370,10,53,0,0,34.8,1.28,Bangalore,101
2026-06-26,Friday,Jeans,P1000,Unisex,XL,Blue,588,0,160,0,0,33.6,0.22,Kolkata,91
2026-06-27,Saturday,Jacket,P1085,Men,XL,Red,1567,30,353,0,0,37.4,0.99,Kolkata,112
2026-06-28,Sunday,Jeans,P1019,Men,XL,White,1365,30,408,0,0,36.7,0.61,Chennai,83
2026-06-29,Monday,Jeans,P1062,Men,XL,Green,662,30,364,1,0,31.5,0.09,Delhi,112
2026-06-30,Tuesday,Shirt,P1085,Men,L,Blue,432,0,328,0,0,25.1,0.03,Delhi,95
2026-07-01,Wednesday,Shirt,P1091,Women,S,Blue,581,40,453,0,0,25.4,0.01,Delhi,95
2026-07-02,Thursday,Dress,P1048,Men,L,Green,1227,40,93,1,0,25.2,1.75,Delhi,115
2026-07-03,Friday,T-shirt,P1026,Women,XL,Black,1034,40,300,0,1,30.0,1.35,Kolkata,93
2026-07-04,Saturday,Dress,P1097,Unisex,L,Black,1172,10,204,0,1,23.7,0.21,Bangalore,109
2026-07-05,Sunday,Jacket,P1063,Women,XL,Green,966,10,343,0,0,30.2,1.37,Delhi,122
2026-07-06,Monday,Jeans,P1028,Men,M,Black,1641,0,97,0,0,23.8,0.61,Delhi,104
2026-07-07,Tuesday,Jeans,P1092,Unisex,XL,Black,1248,10,11,0,0,25.8,1.62,Kolkata,107
2026-07-08,Wednesday,Dress,P1000,Unisex,L,Black,450,10,56,0,0,22.6,1.12,Kolkata,96
2026-07-09,Thursday,Jeans,P1097,Unisex,XL,White,489,50,299,0,0,34.9,2.46,Chennai,88
2026-07-10,Friday,Jacket,P1002,Men,M,Black,1114,40,85,0,0,18.1,1.68,Kolkata,108
2026-07-11,Saturday,Dress,P1074,Women,XL,White,1863,30,184,0,0,24.9,0.01,Bangalore,85
2026-07-12,Sunday,Jacket,P1071,Men,M,Green,482,10,128,0,0,23.2,0.19,Chennai,102
2026-07-13,Monday,Jacket,P1064,Unisex,L,White,1102,30,111,0,1,29.5,1.03,Bangalore,96
2026-07-14,Tuesday,Jacket,P1034,Women,L,Red,904,50,320,0,0,30.3,0.33,Delhi,98
2026-07-15,Wednesday,Jeans,P1020,Unisex,M,Blue,1709,30,249,1,0,32.2,2.1,Chennai,106
2026-07-16,Thursday,Shirt,P1029,Women,M,Green,590,10,273,1,0,33.1,0.8,Bangalore,90
2026-07-17,Friday,Jeans,P1014,Men,S,Black,470,40,298,0,0,27.7,0.15,Delhi,103
2026-07-18,Saturday,Jeans,P1026,Unisex,L,Blue,1532,0,240,0,0,28.7,0.03,Delhi,99
2026-07-19,Sunday,Jacket,P1008,Men,S,Green,1286,50,489,0,0,27.6,1.79,Mumbai,101
2026-07-20,Monday,T-shirt,P1023,Women,M,Green,1229,10,73,0,1,32.6,1.11,Kolkata,81
2026-07-21,Tuesday,Dress,P1018,Women,M,Green,1626,0,431,0,0,35.0,0.84,Mumbai,105
2026-07-22,Wednesday,Jeans,P1088,Men,XL,Black,1526,0,131,0,0,40.7,0.21,Bangalore,97
2026-07-23,Thursday,Dress,P1025,Men,M,Green,765,10,295,0,0,34.0,1.84,Kolkata,95
2026-07-24,Friday,Jacket,P1026,Women,XL,Black,1808,0,358,0,0,28.6,0.03,Kolkata,117
2026-07-25,Saturday,Jacket,P1069,Unisex,M,Blue,345,10,465,0,0,26.7,0.93,Mumbai,84
2026-07-26,Sunday,Shirt,P1028,Women,S,Black,877,30,271,0,0,23.2,0.62,Bangalore,124
2026-07-27,Monday,Dress,P1096,Unisex,XL,Black,399,40,318,0,0,21.7,0.33,Mumbai,113
2026-07-28,Tuesday,Jeans,P1028,Unisex,XL,Black,1476,40,329,0,0,29.8,0.35,Bangalore,109
2026-07-29,Wednesday,Jeans,P1070,Women,M,Red,1314,50,5,0,0,23.8,0.04,Bangalore,111
2026-07-30,Thursday,Jacket,P1016,Men,L,Red,562,30,74,0,0,32.0,0.07,Delhi,87
2026-07-31,Friday,Shirt,P1059,Men,M,Black,1021,0,209,0,1,27.5,0.78,Chennai,105
2026-08-01,Saturday,Jeans,P1081,Men,S,Green,1116,20,452,0,0,37.4,0.68,Bangalore,97
2026-08-02,Sunday,Jeans,P1063,Women,M,Red,1759,0,363,0,1,31.5,0.94,Bangalore,96
2026-08-03,Monday,Dress,P1099,Men,XL,Green,1708,0,230,0,0,34.1,0.29,Mumbai,100
2026-08-04,Tuesday,T-shirt,P1034,Women,XL,White,1087,50,405,0,0,39.1,0.87,Delhi,103
2026-08-05,Wednesday,Dress,P1012,Unisex,S,Red,1507,0,345,0,0,28.9,0.68,Chennai,98
2026-08-06,Thursday,Dress,P1096,Men,XL,Red,1939,10,315,0,0,22.4,0.06,Kolkata,125
2026-08-07,Friday,Shirt,P1040,Women,L,Blue,1282,0,112,0,0,25.7,0.08,Mumbai,105
2026-08-08,Saturday,T-shirt,P1064,Unisex,L,White,834,20,189,0,0,35.1,0.58,Kolkata,86
2026-08-09,Sunday,Dress,P1061,Women,S,White,513,50,44,0,0,28.3,0.2,Bangalore,112
2026-08-10,Monday,T-shirt,P1081,Men,S,White,1509,20,234,1,0,32.8,1.31,Bangalore,100
2026-08-11,Tuesday,Jeans,P1044,Women,XL,Red,386,20,26,0,0,31.9,0.42,Mumbai,98
2026-08-12,Wednesday,Shirt,P1084,Unisex,L,Red,1410,20,428,0,0,32.4,0.28,Mumbai,92
2026-08-13,Thursday,Jacket,P1016,Women,L,Black,1522,50,251,0,0,28.7,3.79,Chennai,94
2026-08-14,Friday,Dress,P1047,Unisex,XL,White,1078,40,428,0,0,21.3,0.08,Mumbai,98
2026-08-15,Saturday,Shirt,P1003,Unisex,S,Green,1689,30,51,0,0,30.6,0.14,Kolkata,102
2026-08-16,Sunday,Jeans,P1003,Unisex,XL,Red,1422,20,277,0,0,32.6,0.31,Bangalore,102
2026-08-17,Monday,Jacket,P1080,Unisex,XL,Blue,1957,50,168,0,1,36.7,0.28,Bangalore,96
2026-08-18,Tuesday,Shirt,P1030,Unisex,L,White,1688,20,210,0,0,29.7,0.18,Chennai,109
2026-08-19,Wednesday,Jacket,P1058,Unisex,M,White,1732,30,248,0,0,35.6,3.17,Chennai,103
2026-08-20,Thursday,Jacket,P1036,Men,L,White,1368,30,24,0,0,25.2,0.17,Mumbai,100
2026-08-21,Friday,Dress,P1056,Women,XL,White,1656,0,284,1,0,35.9,0.8,Kolkata,84
2026-08-22,Saturday,Shirt,P1074,Women,M,Black,1633,40,82,0,0,26.8,3.55,Bangalore,94
2026-08-23,Sunday,Dress,P1096,Men,XL,White,908,20,361,0,0,31.8,0.9,Chennai,92
2026-08-24,Monday,Jeans,P1029,Women,XL,Green,974,20,217,0,0,29.3,1.37,Bangalore,116
2026-08-25,Tuesday,T-shirt,P1088,Unisex,XL,Red,1325,50,494,0,0,39.9,0.64,Chennai,106
2026-08-26,Wednesday,Jeans,P1039,Unisex,L,Black,732,50,449,0,0,28.7,0.93,Bangalore,95
2026-08-27,Thursday,Shirt,P1098,Men,S,White,1836,30,425,0,0,25.8,1.61,Kolkata,110
2026-08-28,Friday,T-shirt,P1046,Women,S,Green,1214,40,109,0,0,28.7,0.56,Kolkata,103
2026-08-29,Saturday,T-shirt,P1071,Men,L,Black,1300,0,479,0,0,32.3,0.17,Kolkata,103
2026-08-30,Sunday,Dress,P1035,Women,S,Black,1471,20,120,0,0,24.8,1.17,Kolkata,93
2026-08-31,Monday,Jeans,P1090,Men,M,Blue,1910,20,82,0,0,29.1,0.74,Mumbai,109
2026-09-01,Tuesday,Jeans,P1036,Women,S,Red,457,50,99,0,0,35.1,0.09,Kolkata,97
2026-09-02,Wednesday,Dress,P1004,Men,L,Green,342,30,25,0,0,40.5,0.55,Delhi,88
2026-09-03,Thursday,Shirt,P1063,Unisex,M,Red,461,40,499,0,0,29.2,1.56,Bangalore,114
2026-09-04,Friday,Jeans,P1051,Unisex,L,Black,1410,10,109,0,0,33.0,3.2,Chennai,93
2026-09-05,Saturday,Shirt,P1073,Men,M,Blue,957,40,439,1,0,22.0,1.16,Chennai,114
2026-09-06,Sunday,Jacket,P1084,Women,XL,Red,1980,50,213,0,0,32.5,0.22,Mumbai,105
2026-09-07,Monday,Shirt,P1050,Men,XL,Green,1983,10,423,1,0,31.1,0.01,Kolkata,90
2026-09-08,Tuesday,Jacket,P1014,Unisex,M,Green,1354,0,66,1,0,27.0,1.9,Chennai,91
2026-09-09,Wednesday,Jeans,P1003,Women,M,Green,610,20,309,1,1,23.5,0.35,Chennai,91
2026-09-10,Thursday,Jeans,P1046,Men,XL,Blue,727,10,116,1,0,26.6,3.47,Mumbai,89
2026-09-11,Friday,Shirt,P1030,Men,L,Blue,1053,20,241,0,0,17.4,3.24,Mumbai,95
2026-09-12,Saturday,Shirt,P1072,Women,XL,Red,389,0,334,0,0,17.1,6.28,Bangalore,102
2026-09-13,Sunday,Shirt,P1011,Women,XL,Black,519,10,160,0,0,30.4,1.75,Kolkata,101
2026-09-14,Monday,Shirt,P1040,Men,XL,Black,1329,50,339,0,0,29.8,0.01,Mumbai,116
2026-09-15,Tuesday,Jeans,P1042,Men,M,Blue,1804,50,140,0,0,31.1,0.55,Mumbai,102
2026-09-16,Wednesday,T-shirt,P1013,Women,L,Red,497,0,154,0,0,35.1,0.31,Kolkata,99
2026-09-17,Thursday,Dress,P1049,Women,L,Green,629,20,166,0,0,32.3,0.34,Mumbai,109
2026-09-18,Friday,Dress,P1077,Unisex,XL,Green,1112,50,392,0,0,28.3,0.49,Kolkata,87
2026-09-19,Saturday,Jacket,P1063,Unisex,XL,Blue,628,30,27,1,0,37.1,0.12,Chennai,106
2026-09-20,Sunday,Jeans,P1070,Unisex,S,Red,573,10,219,0,0,34.6,1.58,Mumbai,115
2026-09-21,Monday,T-shirt,P1066,Men,XL,Green,862,50,74,1,0,31.5,0.87,Delhi,91
2026-09-22,Tuesday,Shirt,P1096,Women,XL,White,1233,10,470,0,0,30.2,0.52,Kolkata,102
2026-09-23,Wednesday,Jeans,P1083,Men,L,White,1143,0,106,0,0,30.1,1.68,Kolkata,88
2026-09-24,Thursday,T-shirt,P1072,Unisex,L,Black,1983,0,19,0,0,33.6,0.34,Chennai,96
2026-09-25,Friday,Jeans,P1071,Women,S,Blue,556,20,252,1,1,29.0,0.54,Chennai,106
2026-09-26,Saturday,Jeans,P1078,Men,S,White,1901,30,63,1,0,33.7,0.72,Kolkata,84
